title,artist,romTitle,key,tempo,durationMs,timeSignature,verified,language,initialism,spotifyLink,youtubeLink,energy,danceability,valence,acousticness,instrumentalness,dateReleased
一點點,Jay Chou,Yi Dian Dian,G,134,221267,4/4,FALSE,mandarin,ydd,https://open.spotify.com/track/5rQPgfJMJ7yhsEr0HwTA77,,0.413,0.507,0.172,0.119,0.0000166,2016-06-24
土耳其冰淇淋,Jay Chou,Tu Er Qi Bing Qi Lin,G,114,195760,4/4,FALSE,mandarin,teqbql,https://open.spotify.com/track/2qm1nx1d1yAjYMZflBLNGC,,0.924,0.662,0.602,0.00203,0.206,2016-06-24
Yellow,Coldplay,,B,173,266773,4/4,FALSE,english,y,https://open.spotify.com/track/3AJwUDP919kvQ9QcozQPxg,,0.661,0.429,0.285,0.00239,0.00013,2000-07-10
Adventure of a Lifetime,Coldplay,,G,112,263787,4/4,FALSE,english,aoal,https://open.spotify.com/track/69uxyAqqPIsUyTO8txoP2M,,0.924,0.638,0.529,0.00205,0.000173,2015-12-04
不愛,David Tao,Bu Ai,F,75,205267,3/4,FALSE,mandarin,ba,https://open.spotify.com/track/2qqDNBNLJ5VwwJ1ExPW32O,,0.135,0.64,0.235,0.711,0,2006-07-31
愛我吧,Khalil Fong,Ai Wo Ba,C,82,287040,5/4,FALSE,mandarin,awb,https://open.spotify.com/track/1v1yW5kl8e2UmR23rtBD6i,,0.249,0.258,0.115,0.724,0,2008-12-19
最寂寞的時候,Crowd Lu,Zui Ji Mo De Shi Hou,G,98,274493,3/4,FALSE,mandarin,zjmdsh,https://open.spotify.com/track/13XImQFLYbIvtXP1kQC76F,,0.333,0.344,0.106,0.709,0,2009-10-30
Always,Bon Jovi,,E,141,353027,4/4,FALSE,english,a,https://open.spotify.com/track/2RChe0r2cMoyOvuKobZy44,,0.659,0.383,0.327,0.117,0,1994-10-18
年少有為,Ronghao Li,Nian Shao You Wei,Bb,132,279147,4/4,FALSE,mandarin,nsyw,https://open.spotify.com/track/6XY80Ofqd8j0SGiEdRLwCp,,0.462,0.518,0.289,0.322,0.00000313,2018-10-17
真的傻 (電影《一吻定情》追愛版主題曲),LaLa Hsu,Zhen De Sha,E,150,256000,4/4,FALSE,mandarin,zds,https://open.spotify.com/track/7mCr6Rn5jx04Fisvts97Z3,,0.383,0.522,0.332,0.714,0.0000167,2019-02-01
Señorita,Shawn Mendes,,Am,117,190960,4/4,FALSE,english,s,https://open.spotify.com/track/0TK2YIli7K1leLovkQiNik,,0.54,0.759,0.75,0.037,0,2019-06-21
那女孩對我說,Yida Huang,Na Nv Hai Dui Wo Shuo,C,80,270093,4/4,FALSE,mandarin,nnhdws,https://open.spotify.com/track/4lD40vyG33AcLiftmxQSC8,,0.51,0.554,0.436,0.83,0,2005-05-26
Bukan Cinta Biasa,Dato Siti Nurhaliza,,G,113,266983,4/4,FALSE,english,bcb,https://open.spotify.com/track/4arXMX7u6GSz4EJG92db1F,,0.408,0.621,0.295,0.639,0,2003-03-03
Sempurna,Naim Daniel,,Bm,98,228980,4/4,FALSE,english,s,https://open.spotify.com/track/6WAZpfqqjXQuyb8Db0qUEB,,0.67,0.666,0.662,0.0147,0,2018-09-21
Berdua Bersama (Milly & Mamet Original Motion Picture Soundtrack),Jaz,,G,90,218523,4/4,FALSE,english,bb,https://open.spotify.com/track/37uQDKOul7QOmRFB6kiYyO,,0.529,0.578,0.407,0.673,0.00000331,2018-11-16
慢冷,Fish Leong,Man Leng,E,92,289604,4/4,FALSE,mandarin,ml,https://open.spotify.com/track/3NNDJfWMGHuNpvHWTImmlW,,0.471,0.521,0.269,0.786,0,2019-05-16
這麼近(那麼遠),Jacky Cheung,Zhe Me Jin,G,142,375733,4/4,FALSE,mandarin,zmj,https://open.spotify.com/track/0J7ryYVVpsmfkCyoOMIoqK,,0.324,0.545,0.159,0.361,0,1995-01-01
對的時間點,JJ Lin,Dui De Shi Jian Dian,C#m,82,242613,4/4,FALSE,mandarin,ddsjd,https://open.spotify.com/track/33LJXFLqeifw9YxsVoeOgM,,0.493,0.394,0.238,0.65,0,2019-08-26
月色同行,颜黎明,Yue Se Tong Hang,A,65,240840,3/4,FALSE,mandarin,ysth,https://open.spotify.com/track/4Futk4Lv4hXfCjCUd4Xj8Y,,0.234,0.235,0.214,0.927,0.0000277,1996-06-01
我們不像我們 - LINE TV《HIStory3圈套》插曲,Della,Wo Men Bu Xiang Wo Men,Eb,144,249347,4/4,FALSE,mandarin,wmbxwm,https://open.spotify.com/track/0OufVcCkSh3bywfiFNvX9k,,0.333,0.519,0.195,0.762,0,2019-04-02
天天想你一遍 - 《Co-Living同居時代第二回合 夏季篇》片頭曲,Ruth Kueo,Tian Tian Xiang Ni Yi Bian,Cm,82,221707,4/4,FALSE,mandarin,ttxnyb,https://open.spotify.com/track/2HsfPdygiZtEB4nCL0pktu,,0.622,0.701,0.319,0.371,0,2019-07-23
Love in the First Degree,Bananarama,,C,118,211410,4/4,FALSE,english,litfd,https://open.spotify.com/track/2qjWA8QruRCkoFZUQJR4SQ,,0.92,0.787,0.661,0.246,0.00000982,1987-01-01
最愛的人傷我最深,Zhang Yu Sheng,Zui Ai De Ren Shang Wo Zui Shen,G,180,301093,4/4,FALSE,mandarin,zadrswzs,https://open.spotify.com/track/0uEKGvbSEjQ2cVe3PmW2df,,0.466,0.475,0.309,0.349,0,1998-11-01
差不多姑娘,G.E.M.,Cha Bu Duo Gu Niang,F#m,88,230043,4/4,FALSE,mandarin,cbdgn,https://open.spotify.com/track/1SllkYDv4yk2cyCNC1BajT,,0.758,0.758,0.502,0.219,0,2019-07-21
Speechless (Full),Naomi Scott,,F#m,125,208801,4/4,FALSE,english,s,https://open.spotify.com/track/0XPsOSYzDJZJArevQNm2AR,,0.489,0.474,0.23,0.467,0,2019-05-22
你是我胸口永遠的痛,Dave Wong,Ni Shi Wo Xiong Kou Yong Yuan De Tong,C#m,113,309333,4/4,FALSE,mandarin,nswxkyydt,https://open.spotify.com/track/4jZNEAi98HbnM216xYCRPd,,0.568,0.618,0.174,0.308,0.00000277,1988-07-11
刺鳥,F.I.R.飛兒樂團,Ci Niao,Am,81,246667,4/4,FALSE,mandarin,cn,https://open.spotify.com/track/3v3oT6e6Z2dQi1fCSEMd3v,,0.785,0.503,0.285,0.23,0,2005-04-06
A Sky Full of Stars,Coldplay,,Gb,125,268467,4/4,FALSE,english,asfos,https://open.spotify.com/track/0FDzzruyVECATHXKHFs9eJ,,0.636,0.551,0.153,0.00713,0.00203,2014-05-19
没有你陪伴我真的好孤单,冷漠,Mei You Ni Pei Ban Wo Zhen De Hao Gu Dan,Cm,83,289608,4/4,FALSE,mandarin,mynpbwzdhgd,https://open.spotify.com/track/0z40FQFfw0Nnp8rKrv9T8o,,0.629,0.585,0.356,0.139,0,2017-04-15
友谊万岁,MICappella,You Yi Wan Sui,F#m,170,231479,4/4,FALSE,mandarin,yyws,https://open.spotify.com/track/26KcFSvgvlVzLPlxyYzs1d,,0.318,0.411,0.204,0.872,0,2019-08-27
上弦月,Sammi Cheng,Shang Xian Yue,A,111,234040,4/4,FALSE,mandarin,sxy,https://open.spotify.com/track/1I8beG7N2fGoKxqRt8crDP,,0.57,0.59,0.173,0.655,0,1995-11-01
Together Forever,Rick Astley,,D,115,205533,4/4,FALSE,english,tf,https://open.spotify.com/track/76QJgXPE3oc1cnkE4PFHEn,,0.933,0.702,0.896,0.0519,0.000128,1987-11-12
野狼Disco,寶石Gem,Ye Lang,C#m,98,239256,4/4,FALSE,mandarin,yl,https://open.spotify.com/track/2Zc5d8BN5DEwTcv9JpZqz9,,0.839,0.779,0.693,0.56,0,2019-09-02
將故事寫成我們,JJ Lin,Jiang Gu Shi Xie Cheng Wo Men,Ab,135,335480,4/4,FALSE,mandarin,jgsxcwm,https://open.spotify.com/track/3Vl7IqSQsAsfScssywTDny,,0.636,0.462,0.388,0.611,0,2019-09-20
"我多喜歡你,你會知道 - 網劇《致我們單純的小美好》推廣曲",Wang Jun Qi,Wo Duo Xi Huan Ni Ni Hui Zhi Dao,Eb,108,199680,4/4,FALSE,mandarin,wdxhnnhzd,https://open.spotify.com/track/221FBKC22DTc7XkPIaZYOl,,0.35,0.777,0.516,0.526,0,2017-10-03
Can't Help Falling In Love,Kina Grannis,,C,121,201933,3/4,FALSE,english,chfil,https://open.spotify.com/track/6lfxq3CG4xtTiEg7opyCyx,,0.0596,0.266,0.143,0.905,0.0000707,2018-08-10
發現愛,JJ Lin,Fa Xian Ai,Db,82,220056,3/4,FALSE,mandarin,fxa,https://open.spotify.com/track/3D0vHU0QeUsLfJk9qP0Nje,,0.512,0.642,0.345,0.599,0,2016-01-08
流星雨,F4,Liu Xing Yu,E,136,276600,4/4,FALSE,mandarin,lxy,https://open.spotify.com/track/1hPNdCII2b8NOEIqwbbsdG,,0.448,0.578,0.169,0.129,0,2001-08-27
Special Person,Khalil Fong,,B,140,259080,4/4,FALSE,english,sp,https://open.spotify.com/track/5BrVDcUk9KMi9UbYOea9er,,0.481,0.581,0.288,0.354,0,2016-09-21
心跳的證明 - 電影《一吻定情》心動版主題曲,劉人語,Xin Tiao De Zheng Ming,F,174,230591,4/4,FALSE,mandarin,xtdzm,https://open.spotify.com/track/72f9WiINVWeJjtkwDKbZUU,,0.563,0.46,0.268,0.266,0.00036,2019-02-18
Everything I Need,Skylar Grey,,D,75,200563,4/4,FALSE,english,ein,https://open.spotify.com/track/7jKCAmjP2cAn9WxxIVR14Y,,0.224,0.531,0.276,0.874,0,2019-07-19
Beautiful Soul,Jesse McCartney,,A,90,214227,4/4,FALSE,english,bs,https://open.spotify.com/track/1HwpWwa6bnqqRhK8agG4RS,,0.666,0.66,0.933,0.0759,0,2004-01-01
手掌心,Della,Shou Zhang Xin,Bbm,146,255551,4/4,FALSE,mandarin,szx,https://open.spotify.com/track/0RHldQWFLZ3mNMU6FXfWrO,,0.528,0.447,0.398,0.74,0,2014-07-08
I Love You Will Still Sound The Same,Oh Honey,,Eb,114,207123,4/4,FALSE,english,ilywssts,https://open.spotify.com/track/6KRddNr4XlooytDWtefT7L,,0.737,0.607,0.702,0.0348,0,2016-05-06
Otomen,Yoga Lin,,G,91,235480,4/4,FALSE,english,o,https://open.spotify.com/track/28TbObgGrTSyrfYl6KAnZH,,0.426,0.738,0.475,0.242,0.00015,2019-09-24
一路向北,Jay Chou,Yi Lu Xiang Bei,F,134,294240,4/4,FALSE,mandarin,ylxb,https://open.spotify.com/track/31RIphTQ9y4zStkH5xRWgW,,0.617,0.456,0.3,0.0133,0.0000595,2005-11-01
如燕 (夏夜晚風音樂會),Olivia Ong,Ru Yan,Bb,84,314707,4/4,FALSE,mandarin,ry,https://open.spotify.com/track/3EcuUJwSxlmFcROQZd0UFs,,0.263,0.378,0.203,0.899,0,2010-08-16
喜歡你可不可以,Nat Wu,Xi Huan Ni Ke Bu Ke Yi,A,118,232373,4/4,FALSE,mandarin,xhnkbky,https://open.spotify.com/track/3RkE7nvVgEwW3C1xIswGGz,,0.827,0.624,0.497,0.283,0,2018-11-26
神奇,Stefanie Sun,Shen Qi,Db,98,262733,4/4,FALSE,mandarin,sq,https://open.spotify.com/track/5HI1AOrTGhKQcbRKkAwAhN,,0.885,0.596,0.384,0.0229,0.00266,2006-09-21
Jai Ho,Sukhwinder Singh,,G,137,319813,4/4,FALSE,english,jh,https://open.spotify.com/track/0BlMvHfyilCmgKrNUQabR6,,0.715,0.781,0.573,0.00535,0.835,2009-05-25
Jai Ho! (You Are My Destiny),A.R. Rahman,,G#m,136,222400,4/4,FALSE,english,jh,https://open.spotify.com/track/7Kpqjspw4Y7HrvItIRcBiW,,0.942,0.653,0.895,0.0548,0.00000106,2009-01-01
青春修煉手冊,TFBOYS,Qing Chun Xiu Lian Shou Ce,G#m,130,263077,4/4,FALSE,mandarin,qcxlsc,https://open.spotify.com/track/7FrSronLW3WJJEVMvyRcdX,,0.92,0.704,0.564,0.0435,0,2017-01-01
Semoga Bahagia - Live,Zubir Said,,C,118,194368,4/4,FALSE,english,sb,https://open.spotify.com/track/47obVPWeDnU6a38KKnB2I1,,0.151,0.241,0.379,0.759,0.938,2019-08-02
你的酒馆对我打了烊,Shirley Chen,Ni De Jiu Guan Dui Wo Da Le Yang,Cm,168,251429,4/4,FALSE,mandarin,ndjgdwdly,https://open.spotify.com/track/6BL2V0CvfW9QVHm9oU4Lmk,,0.555,0.604,0.457,0.691,0,2019-03-08
"You've Got a Friend in Me - From ""Toy Story""/Soundtrack Version",Randy Newman,,Eb,116,124160,4/4,FALSE,english,ygafim,https://open.spotify.com/track/2stkLJ0JNcXkIRDNF3ld6c,,0.335,0.681,0.532,0.793,0.00000339,1995-01-01
For You,John Denver,,C,90,201293,4/4,FALSE,english,fy,https://open.spotify.com/track/57EyDAxErYua949EnLk9WO,,0.114,0.27,0.437,0.869,0.00000291,1988
不得不愛,Will Pan,Bu De Bu Ai,Ab,80,281413,4/4,FALSE,mandarin,bdba,https://open.spotify.com/track/3TYzES2lL8BTPE4uudj0Hj,,0.484,0.719,0.438,0.751,0,2005-07-08
"不將就 (電影""何以笙簫默""片尾曲)",Ronghao Li,Bu Jiang Jiu,C,144,312998,4/4,FALSE,mandarin,bjj,https://open.spotify.com/track/5DH8nF7aWoXXg5Sm3gjCWD,,0.456,0.51,0.237,0.418,0,2016-01-22
Accidentally In Love,Counting Crows,,G,138,188387,4/4,FALSE,english,ail,https://open.spotify.com/track/7FQSD5JjWqGtS1BaQQiT6V,,0.926,0.555,0.771,0.0484,0.00000767,2003-01-01
"So Close - From ""Enchanted""/Soundtrack Version",Jon McLaughlin,,B,71,226840,3/4,FALSE,english,sc,https://open.spotify.com/track/3XFkhxO5jo2hBOWNzIQ9UB,,0.248,0.386,0.161,0.787,0.00000149,2007-01-01
La Vie En Rose,Daniela Andrade,,E,95,105500,4/4,FALSE,english,lver,https://open.spotify.com/track/0VxocBntP1XTZRsR9ZURPS,,0.149,0.475,0.318,0.844,0,2015-01-28
十七,S.H.E,Shi Qi,D,150,308693,4/4,FALSE,mandarin,sq,https://open.spotify.com/track/27aaFp7yUBdhqzJUcz9NoJ,,0.563,0.47,0.374,0.137,0,2018-08-30
后来后来,S.H.E,Hou Lai Hou Lai,Bb,89,250093,4/4,FALSE,mandarin,hlhl,https://open.spotify.com/track/75fW4ZnO8nf7YvXoBJQqxf,,0.343,0.561,0.272,0.742,0,2012-11-16
上弦月,Andy Hui,Shang Xian Yue,F,111,223307,4/4,FALSE,mandarin,sxy,https://open.spotify.com/track/1hW6yHyKvAXs05chYh7dJH,,0.436,0.626,0.256,0.689,0.0000019,2006-01-01
ไม่บอกเธอ,Bedroom Audio,,E,110,314358,4/4,FALSE,english,ไ,https://open.spotify.com/track/2DUx3XDBqeXZEVXx0iGhyk,,0.691,0.68,0.412,0.275,0.0000266,2014
ยิ่งกว่าเสียใจ,Punch,,B,160,218373,4/4,FALSE,english,ย,https://open.spotify.com/track/1NbZMSZuWyfN2RSAaW0M6M,,0.548,0.565,0.494,0.374,0,2006-02-28
The Lazy Song,Bruno Mars,,B,175,190213,4/4,FALSE,english,tls,https://open.spotify.com/track/386RUes7n1uM1yfzgeUuwp,,0.804,0.738,0.949,0.332,0,2010-10-05
塵,Joker Xue,Chen,Dm,120,281586,4/4,FALSE,mandarin,c,https://open.spotify.com/track/0W1HAvTqmfakVjEeMcrjGg,,0.324,0.729,0.197,0.145,0.00562,2019-10-11
雅俗共賞,許嵩,Ya Su Gong Shang,Db,138,249622,4/4,FALSE,mandarin,ysgs,https://open.spotify.com/track/4LI8FLUIH6VJ7dE4wWEjVY,,0.458,0.661,0.448,0.325,0,2016-06-27
分享,SKY WU,Fen Xiang,C,120,300293,4/4,FALSE,mandarin,fx,https://open.spotify.com/track/0QsuUbVfmbnpASerCOD0Fp,,0.174,0.674,0.287,0.777,0,1993
Superwoman,Karyn White,,Ab,138,347453,4/4,FALSE,english,s,https://open.spotify.com/track/3bceL3NJmM8sKwr5dyrKAz,,0.722,0.623,0.653,0.322,0,1988-01-01
SUPERWOMAN,Gary Chaw,,F,140,313467,4/4,FALSE,english,s,https://open.spotify.com/track/5NHvltxm8MjJnOWrln5j0t,,0.621,0.633,0.522,0.531,0,2005-12-30
Lava,Kuana Torres Kahele,,C,76,346493,4/4,FALSE,english,l,https://open.spotify.com/track/0wqeaDeaKq14IuQESPqBEJ,,0.219,0.522,0.422,0.937,0,2015-01-01
王牌冤家,Ronghao Li,Wang Pai Yuan Jia,Bb,76,243893,4/4,FALSE,mandarin,wpyj,https://open.spotify.com/track/0fqtDqKNUgv8WkNUJOzVqZ,,0.631,0.561,0.907,0.615,0.135,2018-10-17
流沙,David Tao,Liu Sha,Ab,76,242560,4/4,FALSE,mandarin,ls,https://open.spotify.com/track/5ZZwQy1wofQhj7LJDNLflT,,0.291,0.647,0.388,0.672,0,1997-12-06
野生動物,Ronghao Li,Ye Sheng Dong Wu,Cm,136,293795,4/4,FALSE,mandarin,ysdw,https://open.spotify.com/track/5UlBZAWrKnDxKAytl4eLR4,,0.339,0.661,0.156,0.643,0.00000278,2016-01-22
Wonderland,JJ Lin,,Em,110,242449,4/4,FALSE,english,w,https://open.spotify.com/track/7KsDUJvD4cQ08VB95bUH7t,,0.76,0.614,0.152,0.353,0.00000136,2019-10-14
最後的戰役,Jay Chou,Zui Hou De Zhan Yi,Db,119,251160,4/4,FALSE,mandarin,zhdzy,https://open.spotify.com/track/0RF0KWRmViSC222kfVJsPo,,0.785,0.607,0.39,0.037,0.00000252,2002-07-30
过客,阿涵,Guo Ke,E,208,270000,4/4,FALSE,mandarin,gk,https://open.spotify.com/track/1nfg7drkoCccY1qKr8CDpA,,0.625,0.537,0.41,0.585,0,2016-12-08
膽小情人,Tingzhi.Hz,Dan Xiao Qing Ren,F,179,236381,4/4,FALSE,mandarin,dxqr,https://open.spotify.com/track/0rZPoCGxSTMulwHqwEMgNW,,0.654,0.264,0.388,0.488,0,2019-10-31
Easy Lover,Philip Bailey,,Db,129,304507,4/4,FALSE,english,el,https://open.spotify.com/track/7INi4pMPG4IE0Smx5y4KVf,,0.699,0.749,0.935,0.0674,0.00192,1985-03-20
嚣张,En,Xiao Zhang,B,134,253995,4/4,FALSE,mandarin,xz,https://open.spotify.com/track/3t8M86tiO0aKMMTXzRrFn8,,0.518,0.595,0.167,0.649,0,2019-08-07
前面轉個彎,NEKO Highway,Qian Mian Zhuan Ge Wan,F,96,209167,3/4,FALSE,mandarin,qmzgw,https://open.spotify.com/track/0iTVIelGt3wgqTQELPeLGx,,0.177,0.689,0.286,0.75,0,2018-12-28
Wanted,Hunter Hayes,,C,170,228840,4/4,FALSE,english,w,https://open.spotify.com/track/0f1svjHSiaCJif6noKKVHa,,0.476,0.421,0.3,0.268,0,2011
只對你說,JJ Lin,Zhi Dui Ni Shuo,Eb,133,230040,4/4,FALSE,mandarin,zdns,https://open.spotify.com/track/7LdXhkTUDIusIlwNeWhQQe,,0.381,0.621,0.161,0.912,0.000388,2016-01-08
紅顏,Tiger Hu,Hong Yan,Bm,120,221253,4/4,FALSE,mandarin,hy,https://open.spotify.com/track/6Q7OE4tvrUOIvIDY2EC5Im,,0.583,0.673,0.106,0.257,0,2008-01-01
愛在西元前,Jay Chou,Ai Zai Xi Yuan Qian,Ab,127,234253,4/4,FALSE,mandarin,azxyq,https://open.spotify.com/track/36okEwTBuhG9dIOqCd0B2P,,0.68,0.769,0.727,0.179,0.0000271,2001-09-14
簡單愛,Jay Chou,Jian Dan Ai,C,97,270987,4/4,FALSE,mandarin,jda,https://open.spotify.com/track/5Jtg0qcTKMHq3HjPVGRFAi,,0.575,0.859,0.529,0.00745,0.0000101,2001-09-14
忍者,Jay Chou,Ren Zhe,A,106,158520,4/4,FALSE,mandarin,rz,https://open.spotify.com/track/0LwNhTUNEkV7VTlDy6wBb8,,0.845,0.829,0.211,0.251,0,2001-09-14
上海一九四三,Jay Chou,Shang Hai Yi Jiu Si San,D,116,195800,3/4,FALSE,mandarin,shyjss,https://open.spotify.com/track/2dOBADnRFSLgzHgzTxc014,,0.373,0.602,0.358,0.393,0,2001-09-14
對不起,Jay Chou,Dui Bu Qi,G,140,225413,4/4,FALSE,mandarin,dbq,https://open.spotify.com/track/37Xjeya5eNFNBJ7HWSDwVE,,0.619,0.778,0.443,0.0599,0.00000366,2001-09-14
安靜,Jay Chou,An Jing,Bb,144,334240,4/4,FALSE,mandarin,aj,https://open.spotify.com/track/4FOydQ5IdqmdeBgG9vFbPg,,0.401,0.505,0.125,0.613,0.00000869,2001-09-14
Time After Time,Cyndi Lauper,,C,130,243067,4/4,FALSE,english,tat,https://open.spotify.com/track/1Jj6MF0xDOMA3Ut2Z368Bx,,0.436,0.724,0.324,0.576,0.00000119,2014-03-28
Can You Feel The Love Tonight,Elton John,,Bb,125,240800,4/4,FALSE,english,cyftlt,https://open.spotify.com/track/46C6OS7z78QtCxEACPrspw,,0.305,0.308,0.145,0.809,0.0000955,2002
Stand by Me,Ben E. King,,A,118,180056,4/4,FALSE,english,sbm,https://open.spotify.com/track/3SdTKo2uVsxFblQjpScoHy,,0.306,0.65,0.605,0.57,0.00000707,1962-08-20
你最珍貴,Jacky Cheung,Ni Zui Zhen Gui,Bb,94,286840,4/4,FALSE,mandarin,nzzg,https://open.spotify.com/track/2d3DoAIDeUC58X3mzDRmDs,,0.285,0.52,0.0798,0.687,0,1998-01-01
Stay With You,John Legend,,A,124,228973,4/4,FALSE,english,swy,https://open.spotify.com/track/0vwkXrG2ts3piPNwuHtwEK,,0.343,0.693,0.198,0.57,0.0000053,2005-12-06
像魚,王貳浪,Xiang Yu,B,140,285272,4/4,FALSE,mandarin,xy,https://open.spotify.com/track/1MRRjWwqBUyoD9dC11sZ4S,,0.395,0.639,0.158,0.816,0.00000135,2018-12-11
Someone You Loved,Lewis Capaldi,,Db,110,182161,4/4,FALSE,english,syl,https://open.spotify.com/track/7qEHsqek33rTcFNT9PFqLf,,0.405,0.501,0.446,0.751,0,2019-05-17
除了愛你還能愛誰,Power Station,Chu Le Ai Ni Hai Neng Ai Shui,Eb,97,276887,4/4,FALSE,mandarin,clanhnas,https://open.spotify.com/track/7liourDMJTa8kE57UPWBZ2,,0.579,0.51,0.191,0.279,0,2016-12-09
止戰之殤,Jay Chou,Zhi Zhan Zhi Shang,C#m,89,274907,4/4,FALSE,mandarin,zzzs,https://open.spotify.com/track/3kriYj6FUKtGWJBdnR7jOi,,0.725,0.477,0.337,0.483,0.0000902,2004-08-03
暗戀的代價,Grasshopper,An Lian De Dai Jia,Db,142,223840,4/4,FALSE,mandarin,alddj,https://open.spotify.com/track/5WccNzbBbYAXTiN7R8Mi0v,,0.759,0.749,0.969,0.00375,0.000467,1994-04-06
你是我心内的一首歌,Leehom Wang,Ni Shi Wo Xin Nei De Yi Shou Ge,Gb,182,166693,4/4,FALSE,mandarin,nswxndysg,https://open.spotify.com/track/17N5sJg46rDPKCGj0pKhGl,,0.527,0.538,0.595,0.186,0,2007-07-13
梁山伯與茱麗葉,Gary Chaw,Liang Shan Bo Yu Zhu Li Ye,D,120,232897,4/4,FALSE,mandarin,lsbyzly,https://open.spotify.com/track/7mauRaccD3RaEWdW2SPzPj,,0.574,0.666,0.659,0.78,0,2016-01-26
麻雀,Ronghao Li,Ma Que,Dm,85,252757,4/4,FALSE,mandarin,mq,https://open.spotify.com/track/4ireSSj4s1inMsOGJjbTIm,,0.509,0.622,0.231,0.617,0,2019-12-05
太陽,Pika Chiu,Tai Yang,Eb,124,262400,4/4,FALSE,mandarin,ty,https://open.spotify.com/track/3mAc5QY56d5Zl1MbvnWybK,,0.595,0.612,0.227,0.327,0,2018-11-02
句號,G.E.M.,Ju Hao,Bb,144,235632,4/4,FALSE,mandarin,jh,https://open.spotify.com/track/1mgX7SIBVjBCqiLCMEl15W,,0.541,0.717,0.449,0.258,0,2019-11-22
我可以,Evan Yo,Wo Ke Yi,Ab,67,266920,4/4,TRUE,mandarin,wky,https://open.spotify.com/track/6ufjxyxCJeYKw82FoaLjfd,,0.424,0.561,0.154,0.627,0,2006-10-06
妳是我老婆,Richie Jen,Ni Shi Wo Lao Po,Eb,94,264067,4/4,FALSE,mandarin,nswlp,https://open.spotify.com/track/0B91QFuglvE2pjwdz32yDn,,0.871,0.6,0.652,0.0755,0,2004-03-25
男傭,Kenji Wu,Nan Yong,A,102,248253,4/4,FALSE,mandarin,ny,https://open.spotify.com/track/5sAW2cIpPwA1lwlzU7Mq65,,0.652,0.792,0.814,0.222,0,2006-10-13
我是如此相信 (天火電影主題曲),Jay Chou,Wo Shi Ru Ci Xiang Xin,C,138,266383,4/4,FALSE,mandarin,wsrcxx,https://open.spotify.com/track/4olLtprgPPGUJK4P5bRcgI,,0.501,0.507,0.134,0.282,0.0000223,2019-12-16
Into the Unknown,Idina Menzel,,Bbm,145,194848,5/4,FALSE,english,itu,https://open.spotify.com/track/3Z0oQ8r78OUaHvGPiDBR3W,,0.405,0.323,0.274,0.849,0.000544,2019-11-15
開不了口,Jay Chou,Kai Bu Liao Kou,A,140,284973,4/4,FALSE,mandarin,kblk,https://open.spotify.com/track/0JB2nnrP35zVYnQcYpAnCb,,0.525,0.578,0.362,0.598,0.00000333,2001-09-14
威廉古堡,Jay Chou,Wei Lian Gu Bao,Bm,140,236187,4/4,FALSE,mandarin,wlgb,https://open.spotify.com/track/09V52TgKoNpp0yGswRV3UD,,0.554,0.634,0.313,0.119,0,2001-09-14
斷了的弦,Jay Chou,Duan Le De Xian,A,97,293507,4/4,FALSE,mandarin,dldx,https://open.spotify.com/track/7yriqF8s3ESXqwuDxUaleo,,0.632,0.654,0.324,0.396,0.00000795,2003-11-01
軌跡,Jay Chou,Gui Ji,A,75,322320,4/4,FALSE,mandarin,gj,https://open.spotify.com/track/2PHJSiIQQgVAuHqSxEp6F9,,0.476,0.445,0.17,0.21,0.000127,2003-11-01
Lạc Trôi,Sơn Tùng M-TP,,Am,135,232889,4/4,FALSE,english,lt,https://open.spotify.com/track/4pWF7uyalOeveT6oansXmy,,0.873,0.639,0.166,0.331,0.0326,2017-04-01
暗號,Jay Chou,An Hao,E,126,268560,4/4,FALSE,mandarin,ah,https://open.spotify.com/track/1GuvP2zN3hTMTaf991GVc0,,0.564,0.724,0.529,0.503,0.0000249,2002-07-30
天黑請閉眼 (feat. 邱鋒澤),Nine Chen,Tian Hei Qing Bi Yan,C,170,286832,4/4,FALSE,mandarin,thqby,https://open.spotify.com/track/0bIbgooxvBkww2ZGeu8VMR,,0.731,0.534,0.425,0.28,0,2019-05-09
春泥,Harlem Yu,Chun Ni,Am,79,254800,4/4,FALSE,mandarin,cn,https://open.spotify.com/track/126sFLTpIW0IlvuRPVNB95,,0.429,0.42,0.173,0.667,0,2003-06-03
處處吻,Miriam Yeung,Chu Chu Wen,C#m,119,199041,4/4,FALSE,mandarin,ccw,https://open.spotify.com/track/7scQnPn4YQGV8ZgtDNcdu5,,0.794,0.758,0.77,0.364,0,2015-02-05
Melody,David Tao,,C#m,110,269000,4/4,FALSE,english,m,https://open.spotify.com/track/6A4wVKbcg0mRriCFjZzX0Z,,0.454,0.68,0.24,0.833,0.00000132,2002-06-29
晴天,Jay Chou,Qing Tian,G,137,269747,4/4,FALSE,mandarin,qt,https://open.spotify.com/track/0F02KChKwbcQ3tk4q1YxLH,,0.567,0.547,0.399,0.276,0.000548,2003-07-31
說謊,Yoga Lin,Shuo Huang,Bb,124,291000,4/4,FALSE,mandarin,sh,https://open.spotify.com/track/2QFWarNeJoNIuClvWU50IU,,0.25,0.361,0.209,0.881,0,2013-02-05
Ko Ko Bop,EXO,,C,146,190423,4/4,FALSE,english,kkb,https://open.spotify.com/track/5EzitieoPnjyKHAq0gfRMa,,0.85,0.749,0.672,0.0319,0.0000481,2017-07-18
別勉強,G.E.M.,Bie Mian Qiang,F#m,164,262597,4/4,FALSE,mandarin,bmq,https://open.spotify.com/track/6tzOEJ2tqSiAxHw9CAT9Ru,,0.379,0.376,0.248,0.663,0,2019-12-26
愛如潮水,Jeff Chang,Ai Ru Chao Shui,E,134,270640,4/4,FALSE,mandarin,arcs,https://open.spotify.com/track/0OOIgBn2ba6BQLInoUuZnj,,0.493,0.564,0.243,0.151,0.00000113,2007-12-10
愛情廢柴,Jay Chou,Ai Qing Fei Chai,D,74,285616,4/4,FALSE,mandarin,aqfc,https://open.spotify.com/track/4zWz6OmFpyXIgQCxAS5yQb,,0.671,0.411,0.397,0.0115,0,2016-06-24
愛的就是你,Leehom Wang,Ai De Jiu Shi Ni,F,96,289067,4/4,FALSE,mandarin,adjsn,https://open.spotify.com/track/0sgBD1tldxrhnlU2pt70Us,,0.521,0.728,0.531,0.218,0,2001-09-23
愛我別走,Zhang Zhen Yue,Ai Wo Bie Zou,C,90,284467,4/4,FALSE,mandarin,awbz,https://open.spotify.com/track/2fc2vUA5H3mTAr9rQoBDKt,,0.356,0.646,0.684,0.552,0.00000163,1998-12-11
Ain't No Sunshine,Bill Withers,,Em,80,125093,4/4,FALSE,english,ans,https://open.spotify.com/track/1k1Bqnv2R0uJXQN4u6LKYt,,0.416,0.479,0.514,0.457,0.0000172,1971-05-01
幻聽,許嵩,Huan Ting,Db,118,273255,4/4,FALSE,mandarin,ht,https://open.spotify.com/track/6ldGMSejZIGokqYSzgJIP5,,0.41,0.783,0.29,0.652,0.0000174,2012-07-02
兜圈,Yoga Lin,Dou Quan,G,118,243733,4/4,FALSE,mandarin,dq,https://open.spotify.com/track/4GBzrfnEYWObQG2Ov4drl9,,0.366,0.587,0.305,0.819,0,2015-11-20
I Choose You,Ryann Darling,,C,73,341918,4/4,FALSE,english,icy,https://open.spotify.com/track/3dLRK3SKATbzMd1tcAzsJz,,0.234,0.55,0.233,0.941,0.00000296,2017-03-03
理想情人,Rainie Yang,Li Xiang Qing Ren,Eb,67,262747,3/4,FALSE,mandarin,lxqr,https://open.spotify.com/track/36nY8znTqPiL2MTCLkK0sZ,,0.448,0.644,0.337,0.736,0,2005-09-09
"Love Is an Open Door - From ""Frozen""/Soundtrack Version",Kristen Bell,,F#m,100,124733,4/4,FALSE,english,liaod,https://open.spotify.com/track/6PaWUdDnQsYV5bPPPOmeyr,,0.637,0.737,0.537,0.262,0,2013-01-01
Treasure,Bruno Mars,,Fm,116,178560,4/4,FALSE,english,t,https://open.spotify.com/track/55h7vJchibLdUkxdlX3fK7,,0.692,0.874,0.937,0.0412,0.0000724,2012-12-07
Dance Monkey,Tones and I,,F#m,98,209438,4/4,FALSE,english,dm,https://open.spotify.com/track/5ZULALImTm80tzUbYQYM9d,,0.588,0.824,0.513,0.692,0.000104,2019-08-29
If I Die Young,The Band Perry,,E,131,222773,4/4,FALSE,english,iidy,https://open.spotify.com/track/4aY0tZIaboefmkBEsjAovI,,0.497,0.606,0.362,0.348,0,2010
受夠,Eric Chou,Shou Gou,B,140,331342,4/4,FALSE,mandarin,sg,https://open.spotify.com/track/5JLLWtgBLRxpd4MRkGAm74,,0.401,0.431,0.305,0.86,0.00000746,2020-01-07
有何不可,許嵩,You He Bu Ke,Gb,202,240027,4/4,FALSE,mandarin,yhbk,https://open.spotify.com/track/5rXBmcYNJYMYdhwxlMLh0s,,0.521,0.549,0.771,0.472,0.00000196,2008-12-30
外套,Power Station,Wai Tao,Db,138,259259,4/4,FALSE,mandarin,wt,https://open.spotify.com/track/4RbBN708xA9eKFRnic71VG,,0.472,0.455,0.185,0.676,0,2016-12-09
有夢可待 - 幕後之王片頭曲,陳立農,You Meng Ke Dai,B,100,230356,4/4,FALSE,mandarin,ymkd,https://open.spotify.com/track/2GoAf90NepiKuH6478Lct2,,0.803,0.697,0.597,0.354,0,2019-11-11
"Love Is an Open Door - From ""Frozen""/Soundtrack Version",Kristen Bell,,F#m,100,124733,4/4,FALSE,english,liaod,https://open.spotify.com/track/3IPnBzGRMg6BfViFxxa0Gq,,0.637,0.737,0.537,0.262,0,2013-01-01
關鍵詞,JJ Lin,Guan Jian Ci,C,136,210267,4/4,FALSE,mandarin,gjc,https://open.spotify.com/track/35B0D3BnZfxl0mA3KkstVK,,0.452,0.464,0.327,0.824,0,2015-12-18
你的答案,阿冗,Ni De Da An,Eb,176,219874,4/4,FALSE,mandarin,ndda,https://open.spotify.com/track/4QWSICaQ6LGmcS8qX9lNVh,,0.475,0.458,0.211,0.618,0,2019-11-06
練習愛情,Dawen Wang,Lian Xi Ai Qing,C,106,246786,4/4,FALSE,mandarin,lxaq,https://open.spotify.com/track/1L8z45UlVAOFtiq493lS1t,,0.572,0.819,0.756,0.559,0,2013-01-01
You Took My Heart Away,Michael Learns To Rock,,F#m,121,272000,4/4,FALSE,english,ytmha,https://open.spotify.com/track/1672fHYlRtzKjRIVIQgZaB,,0.417,0.58,0.12,0.184,0,2014-08-04
Woman,John Lennon,,Eb,80,212933,4/4,FALSE,english,w,https://open.spotify.com/track/0GGxVTb0UwDwdaKNjBdCn3,,0.656,0.588,0.746,0.378,0.00227,1980-11-17
Never Worn White,Katy Perry,,D,138,225039,4/4,FALSE,english,nww,https://open.spotify.com/track/3ksNHUNCTP6Pan8rjFnmtw,,0.359,0.525,0.376,0.744,0,2020-03-05
"想見你想見你想見你(電視劇""想見你""片尾曲)",831,Xiang Jian Ni Xiang Jian Ni Xiang Jian Ni,Gb,130,239795,4/4,FALSE,mandarin,xjnxjnxjn,https://open.spotify.com/track/69zgyr5HVKdInjeKpq1qHa,,0.666,0.547,0.43,0.4,0,2019-11-11
Torn,Natalie Imbruglia,,F,96,244667,4/4,FALSE,english,t,https://open.spotify.com/track/1Jaah2tmN9Hv81A87KZ1MU,,0.886,0.575,0.608,0.0647,0.000187,1997-11-24
Collide,Howie Day,,B,94,249120,4/4,FALSE,english,c,https://open.spotify.com/track/6dwkFmLUz6hx2CZG2EqLol,,0.625,0.636,0.342,0.222,0.0000535,2003-10-07
Apologize,OneRepublic,,Ab,118,208107,4/4,FALSE,english,a,https://open.spotify.com/track/3UhXPxLDFKCj1ZO6mmtV0a,,0.74,0.593,0.502,0.363,0.0000222,2007-11-20
Black or White - Single Version,Michael Jackson,,E,115,202853,4/4,FALSE,english,bow,https://open.spotify.com/track/2Cy7QY8HPLk925AyNAt6OG,,0.894,0.741,0.96,0.0824,0.0527,2005-07-19
Bleeding Love,Leona Lewis,,F,104,262467,4/4,FALSE,english,bl,https://open.spotify.com/track/7wZUrN8oemZfsEd1CGkbXE,,0.656,0.638,0.225,0.188,0,2007
Young And Beautiful,Lana Del Rey,,Bm,114,236053,4/4,FALSE,english,yab,https://open.spotify.com/track/2nMeu6UenVvwUktBCpLMK9,,0.416,0.324,0.151,0.262,0.0000369,2013-01-01
Torn,Natalie Imbruglia,,F,96,244813,4/4,FALSE,english,t,https://open.spotify.com/track/3APayTEWiUl9Ssep4BOXR2,,0.928,0.559,0.599,0.0746,0.0000556,2007-09-05
Memories,Maroon 5,,B,91,189486,4/4,FALSE,english,m,https://open.spotify.com/track/2b8fOow8UzyDFAE27YhOZM,,0.32,0.764,0.575,0.837,0,2019-09-20
Give You My Heart,IU,,Ab,112,280360,3/4,FALSE,english,gymh,https://open.spotify.com/track/6dGsBRuavumBs5BghcXF3D,,0.43,0.344,0.385,0.683,0,2020-02-15
"你,好不好?",Isaac Yong,Ni Hao Bu Hao,Bb,80,288000,4/4,FALSE,mandarin,nhbh,https://open.spotify.com/track/6hcBSrzcc6al3pjeP0xfEO,,0.113,0.663,0.36,0.894,0,2018-07-04
等著等著就老了,Ronghao Li,Deng Zhe Deng Zhe Jiu Lao Le,E,140,281943,4/4,FALSE,mandarin,dzdzjll,https://open.spotify.com/track/683KeMR5Hb1XWXhX9RdMKk,,0.389,0.544,0.184,0.795,0.0000101,2020-03-16
沙灘,David Tao,Sha Tan,Db,92,239627,4/4,FALSE,mandarin,st,https://open.spotify.com/track/1M54Y8kZqO2kx8Qk7nSe4B,,0.328,0.553,0.206,0.382,0,1997-12-06
我知道是你,Ronghao Li,Wo Zhi Dao Shi Ni,Gb,126,250573,4/4,FALSE,mandarin,wzdsn,https://open.spotify.com/track/0G8kXnnKAOt2KGk6E8ifj1,,0.374,0.352,0.341,0.115,0.0000138,2018-10-17
擱淺,Jay Chou,Ge Qian,F,123,236133,4/4,FALSE,mandarin,gq,https://open.spotify.com/track/4Rt9k4SE8dbfKzngxKJPq9,,0.49,0.497,0.126,0.671,0.000417,2004-08-03
流行歌曲,Ronghao Li,Liu Xing Ge Qu,E,102,259508,4/4,FALSE,mandarin,lxgq,https://open.spotify.com/track/5YkZrd27ujRu4HdornrqCc,,0.584,0.759,0.383,0.12,0.00000148,2016-01-22
慢慢喜歡你,Karen Mok,Man Man Xi Huan Ni,G,130,221447,4/4,FALSE,mandarin,mmxhn,https://open.spotify.com/track/7EoyERNueJuFlQbyrRB0US,,0.316,0.601,0.375,0.876,0.0000264,2018-05-31
Ghen,Min,,G,100,247200,4/4,FALSE,english,g,https://open.spotify.com/track/17vBDWGjOy99DWpoNNiB4i,,0.816,0.679,0.501,0.139,0,2019-06-03
蝸牛,Jay Chou,Wo Niu,G,140,238893,4/4,FALSE,mandarin,wn,https://open.spotify.com/track/0QJ00XF8jm6b0mklxG51ad,,0.441,0.323,0.2,0.766,0.0000359,2001-12-24
稻香,Jay Chou,Dao Xiang,A,164,223453,4/4,FALSE,mandarin,dx,https://open.spotify.com/track/6Uq8BnOxvXJsQiJ2XqfO5P,,0.626,0.67,0.205,0.286,0,2008-11-09
我愛你,Ronghao Li,Wo Ai Ni,F#m,90,346733,4/4,FALSE,mandarin,wan,https://open.spotify.com/track/3zBdFGMJp2SvmBWWpvKv4F,,0.324,0.615,0.275,0.802,0.176,2020-04-21
雨下一整晚,Jay Chou,Yu Xia Yi Zheng Wan,Bb,80,254480,4/4,FALSE,mandarin,yxyzw,https://open.spotify.com/track/1wAiIIAskptjT45tgR35ad,,0.408,0.59,0.389,0.658,0,2010-05-20
少年,梦然,Shao Nian,C#m,90,236115,4/4,FALSE,mandarin,sn,https://open.spotify.com/track/10sAUW12kTg7bMs1XKnmTi,,0.805,0.706,0.502,0.401,0,2019-11-14
口是心非,Zhang Yu Sheng,Kou Shi Xin Fei,Bm,100,292493,4/4,FALSE,mandarin,ksxf,https://open.spotify.com/track/03jIhoDKiTLoojzXZQRHjV,,0.517,0.561,0.182,0.115,0.0195,1997-10-01
心痛,Kit Chan,Xin Tong,Gb,170,272773,4/4,FALSE,mandarin,xt,https://open.spotify.com/track/2oyQRPOHob1tgC98lvSGNZ,,0.388,0.361,0.312,0.824,0,1994-11-08
讓我歡喜讓我憂,Wakin Chau,Rang Wo Huan Xi Rang Wo You,D,116,284360,4/4,FALSE,mandarin,rwhxrwy,https://open.spotify.com/track/6SVcrjW5tkJ6646iv3Zp22,,0.278,0.604,0.304,0.638,0.000234,1991-12-03
Mama,Spice Girls,,Ab,96,304960,4/4,FALSE,english,m,https://open.spotify.com/track/3dNv3OuX6ol9si6PZ9KSAh,,0.734,0.615,0.811,0.345,0.543,1996-01-01
Blinding Lights,The Weeknd,,Db,171,200040,4/4,FALSE,english,bl,https://open.spotify.com/track/0VjIjW4GlUZAMYd2vXMi3b,,0.73,0.514,0.334,0.00146,0.0000954,2020-03-20
Something Just Like This,The Chainsmokers,,Bm,103,247160,4/4,FALSE,english,sjlt,https://open.spotify.com/track/6RUKPb4LETWmmr3iAEQktW,,0.635,0.617,0.446,0.0498,0.0000144,2017-04-07
紅色高跟鞋,Tanya Chua,Hong Se Gao Gen Xie,Bm,176,206587,4/4,FALSE,mandarin,hsggx,https://open.spotify.com/track/5DSF1VTSaaAFIesJLlltuM,,0.659,0.476,0.492,0.104,0,2009-08-19
聽媽媽的話,Jay Chou,Ting Ma Ma De Hua,Bb,93,263973,4/4,FALSE,mandarin,tmmdh,https://open.spotify.com/track/0TDnUtKMOJruB90aDEMsDR,,0.64,0.719,0.595,0.391,0.0000652,2006-09-05
LOVE,Beyond,,Em,146,414000,4/4,FALSE,english,l,https://open.spotify.com/track/5XKYCAnd6Te4hexV937k4H,,0.406,0.451,0.281,0.622,0.00132,1996-05-17
普通朋友,David Tao,Pu Tong Peng You,F,178,255133,4/4,FALSE,mandarin,ptpy,https://open.spotify.com/track/7CTitzr4eVIDCPUJi5Dr4B,,0.278,0.56,0.465,0.678,0,1999-06-29
遺憾,Mavis Hee,Yi Han,E,113,278307,4/4,FALSE,mandarin,yh,https://open.spotify.com/track/203DlZkfPpwlUIMecF5y7U,,0.389,0.616,0.133,0.766,0.00000124,1999-01-01
陽光總在風雨後,Mavis Hee,Yang Guang Zong Zai Feng Yu Hou,B,96,303000,4/4,FALSE,mandarin,ygzzfyh,https://open.spotify.com/track/0TJEnVgfa4kKUxbtSIx5fm,,0.257,0.694,0.378,0.767,0.00000208,1997-01-01
明知道,Mavis Hee,Ming Zhi Dao,F,131,258760,4/4,FALSE,mandarin,mzd,https://open.spotify.com/track/4IK2JGZTT57gnrhpQckSm4,,0.353,0.652,0.255,0.743,0,1999-01-01
放手吧,Yokez,Fang Shou Ba,Ab,184,285192,4/4,FALSE,mandarin,fsb,https://open.spotify.com/track/6uqS1Y4DMEJLVry3fFDOfe,,0.298,0.467,0.346,0.789,0,2020-02-07
他一定很愛你,A-do,Ta Yi Ding Hen Ai Ni,A,102,210772,4/4,FALSE,mandarin,tydhan,https://open.spotify.com/track/1n3TbqMfvALAI0BjtiF6Lt,,0.507,0.589,0.151,0.459,0,2002-04-03
遺憾,Mavis Hee,Yi Han,E,113,281640,4/4,FALSE,mandarin,yh,https://open.spotify.com/track/1iDQ0rKPkk09OzBhXOltmg,,0.336,0.634,0.0982,0.758,0.00000432,1996-01-01
公轉自轉,Leehom Wang,Gong Zhuan Zi Zhuan,Bm,78,260920,4/4,FALSE,mandarin,gzzz,https://open.spotify.com/track/6HhGxPV8WL5ff02mOKRAcn,,0.523,0.79,0.635,0.0924,0,1998-08-13
大城小愛,Leehom Wang,Dai Cheng Xiao Ai,Em,131,224981,4/4,FALSE,mandarin,dcxa,https://open.spotify.com/track/3VsqVo7lHy1hN1CwlXlW3P,,0.515,0.736,0.501,0.689,0,2005-12-30
你不在,Leehom Wang,Ni Bu Zai,Bb,96,273942,4/4,FALSE,mandarin,nbz,https://open.spotify.com/track/1wQWWFjRA0BxpkTCsOFqYv,,0.461,0.481,0.339,0.761,0,2003-10-15
唯一,Leehom Wang,Wei Yi,Eb,126,262013,4/4,FALSE,mandarin,wy,https://open.spotify.com/track/6LLyiqMoNoex4Zu0ka4iF2,,0.45,0.438,0.181,0.245,0,1996
愛的就是你,Leehom Wang,Ai De Jiu Shi Ni,F,97,284773,4/4,FALSE,mandarin,adjsn,https://open.spotify.com/track/32xNa1vbEQgzfV3GD7QrUy,,0.5,0.749,0.571,0.288,0,2011-09-30
Forever Love,Leehom Wang,,A,66,293049,4/4,FALSE,english,fl,https://open.spotify.com/track/5qDaiUM4Fe72OqnKDCwi4G,,0.385,0.393,0.208,0.562,0,2004-12-31
你不知道的事,Leehom Wang,Ni Bu Zhi Dao De Shi,Db,87,277160,4/4,FALSE,mandarin,nbzdds,https://open.spotify.com/track/6KAw9NEvkVlIhg5T0G97M8,,0.295,0.493,0.301,0.494,0,2010-08-13
一首簡單的歌,Leehom Wang,Yi Shou Jian Dan De Ge,A,75,249393,4/4,FALSE,mandarin,ysjddg,https://open.spotify.com/track/1l1ZnPZDl1yxqlA3AYptFs,,0.35,0.52,0.323,0.658,0.00000178,2004-12-31
Kiss Goodbye,Leehom Wang,,D,123,262053,4/4,FALSE,english,kg,https://open.spotify.com/track/3eAYjKCSuZSt8bcCfO29di,,0.348,0.638,0.227,0.543,0,2005-12-30
我們的歌,Leehom Wang,Wo Men De Ge,Db,70,246320,4/4,FALSE,mandarin,wmdg,https://open.spotify.com/track/0TA2eTf6ADQMuYLB0Ciy2V,,0.421,0.756,0.83,0.0275,0,2007-07-13
我是不是該安靜的走開,Aaron Kwok,Wo Shi Bu Shi Gai An Jing De Zou Kai,Db,99,243293,4/4,FALSE,mandarin,wsbsgajdzk,https://open.spotify.com/track/6OI0p9YgcC82jIciqUjcta,,0.376,0.608,0.366,0.611,0,2015-03-20
對你愛不完,Aaron Kwok,Dui Ni Ai Bu Wan,Gm,120,280493,4/4,FALSE,mandarin,dnabw,https://open.spotify.com/track/6IgmrNepgp7Z7cirPwn2pH,,0.749,0.733,0.753,0.255,0,2015-03-20
傷心的話留到明天再說,Aaron Kwok,Shang Xin De Hua Liu Dao Ming Tian Zai Shuo,Bbm,126,284027,4/4,FALSE,mandarin,sxdhldmtzs,https://open.spotify.com/track/4ohyVCUc7DcSbIkD1jDdYb,,0.712,0.736,0.831,0.0612,0,2015-03-20
分享愛,Aaron Kwok,Fen Xiang Ai,Am,132,233027,4/4,FALSE,mandarin,fxa,https://open.spotify.com/track/5Gd3dOyqgCMY3POuyqZkGj,,0.709,0.755,0.842,0.0382,0,1994-01-24
當我知道你們相愛,Aaron Kwok,Dang Wo Zhi Dao Ni Men Xiang Ai,B,128,240747,4/4,FALSE,mandarin,dwzdnmxa,https://open.spotify.com/track/23CUgb5lqaKgAYhrJPsTVP,,0.247,0.451,0.301,0.859,0.0000103,1994-01-24
唯一色彩,Aaron Kwok,Wei Yi Se Cai,F,134,260040,4/4,FALSE,mandarin,wysc,https://open.spotify.com/track/0lBKdQpUIbi0czSaoX2hEf,,0.593,0.704,0.876,0.283,0,2013-07-09
狂野之城,Aaron Kwok,Kuang Ye Zhi Cheng,Em,136,198693,4/4,FALSE,mandarin,kyzc,https://open.spotify.com/track/74Fg0CoarCiJiVhDQ9RfI4,,0.678,0.878,0.907,0.0519,0,2006
Para Para Sakura,Aaron Kwok,,Bm,151,223133,4/4,FALSE,english,pps,https://open.spotify.com/track/6LQBkHbjeuCuTgVxnbBhTS,,0.929,0.693,0.817,0.0649,0.000117,2002-10-01
唱這歌,Aaron Kwok,Chang Zhe Ge,C,152,181133,4/4,FALSE,mandarin,czg,https://open.spotify.com/track/5IvImPC8CKl7n2n6qk5EOk,,0.992,0.808,0.705,0.0077,0.000224,2006
動起來,Aaron Kwok,Dong Qi Lai,C#m,130,221160,4/4,FALSE,mandarin,dql,https://open.spotify.com/track/3hZjbMw6Va4zQQyZ5Q9rBm,,0.893,0.661,0.572,0.00451,0.00000482,2006
歌謠,Ronghao Li,Ge Yao,G,130,325027,4/4,FALSE,mandarin,gy,https://open.spotify.com/track/2kSEQ0Gc0x8lKiFZehZWFI,,0.589,0.585,0.314,0.629,0.218,2017-11-17
有理想,Ronghao Li,You Li Xiang,Fm,124,228719,4/4,FALSE,mandarin,ylx,https://open.spotify.com/track/0tszcRhItTZnnsPXKqz3C2,,0.743,0.759,0.862,0.288,0,2016-01-22
李白,Ronghao Li,Li Bai,C,115,274920,4/4,FALSE,mandarin,lb,https://open.spotify.com/track/1jcW6AjFWRyfnTXwLlMMlJ,,0.543,0.81,0.823,0.79,0.0000567,2013-09-16
模特,Ronghao Li,Mo Te,Bm,130,307347,4/4,FALSE,mandarin,mt,https://open.spotify.com/track/3WiPLRpAhceu2Ssjd3WtTx,,0.421,0.684,0.382,0.266,0,2013-09-16
太坦白,Ronghao Li,Tai Tan Bai,C#m,98,297920,4/4,FALSE,mandarin,ttb,https://open.spotify.com/track/5bUMSEIoYKJPbGkEfc0EhJ,,0.376,0.78,0.788,0.53,0.0000784,2013-09-16
我看著你的時候,Ronghao Li,Wo Kan Zhe Ni De Shi Hou,D,120,293405,4/4,FALSE,mandarin,wkzndsh,https://open.spotify.com/track/0eDCVsJKGbQphGjRYa03vE,,0.307,0.707,0.341,0.625,0.0000469,2017-11-17
觀眾,Rainie Yang,Guan Zhong,C,116,310393,4/4,FALSE,mandarin,gz,https://open.spotify.com/track/6Ag4X5HQHb8k6PKhMCKptN,,0.383,0.594,0.208,0.749,0,2016-09-30
火燒的寂寞,Shin,Huo Shao De Ji Mo,Gm,128,277133,4/4,FALSE,mandarin,hsdjm,https://open.spotify.com/track/2NyEJi3UWC8JVNhFzzwu0q,,0.481,0.484,0.141,0.373,0,2009-11-20
再見只是陌生人,Ada Zhuang,Zai Jian Zhi Shi Mo Sheng Ren,F,82,251691,4/4,FALSE,mandarin,zjzsmsr,https://open.spotify.com/track/0K2UkduBJxjuNYLOFhpwHB,,0.525,0.626,0.506,0.0134,0,2015
半途而廢,Faye Wong,Ban Tu Er Fei,F,150,213000,4/4,FALSE,mandarin,btef,https://open.spotify.com/track/0vgddc2PMdYzzy5bPAx1BD,,0.453,0.566,0.45,0.00911,0.0000651,1998-10-01
感情生活,Faye Wong,Gan Qing Sheng Huo,Am,120,317160,4/4,FALSE,mandarin,gqsh,https://open.spotify.com/track/60QRSdOkLycKdx4nid6Qbm,,0.53,0.515,0.191,0.00263,0.276,1998-10-01
色誡,Faye Wong,Se Jie,Dm,136,295800,4/4,FALSE,mandarin,sj,https://open.spotify.com/track/77xhhM4Rt6UaOqeAWT9fix,,0.54,0.619,0.153,0.00575,0.00000322,1998-10-01
臉,Faye Wong,Lian,E,132,214400,4/4,FALSE,mandarin,l,https://open.spotify.com/track/5esuh9AKX1v8BvaM9DbSef,,0.423,0.328,0.088,0.376,0.000129,1998-10-01
化裝舞會新篇之(阿飛派對),Aaron Kwok,Hua Zhuang Wu Hui Xin Pian Zhi,Bbm,120,223333,4/4,FALSE,mandarin,hzwhxpz,https://open.spotify.com/track/5CRXMJ9HAtyFeGE3n8pxJX,,0.547,0.839,0.868,0.356,0,1994-01-24
夢醒時分,Sarah Chen,Meng Xing Shi Fen,Ab,138,248760,4/4,FALSE,mandarin,mxsf,https://open.spotify.com/track/31tZJyXMJaWBYStW7QmE5t,,0.389,0.708,0.535,0.496,0,1989-10-01
動起來,Aaron Kwok,Dong Qi Lai,C#m,130,221160,4/4,FALSE,mandarin,dql,https://open.spotify.com/track/23M33p7GoJoFd832WOAMIB,,0.893,0.661,0.572,0.00451,0.00000482,1994-01-24
一口氣全唸對,Jay Chou,Yi Kou Qi Quan Nian Dui,Db,110,158893,4/4,FALSE,mandarin,ykqqnd,https://open.spotify.com/track/0rQ0vlir4lQmdhi2gzzPqb,,0.842,0.697,0.613,0.00469,0.175,2014-12-26
星晴,Jay Chou,Xing Qing,G,178,256667,4/4,FALSE,mandarin,xq,https://open.spotify.com/track/4VWn7L2kONeMEQ6cAIfzXC,,0.329,0.637,0.255,0.725,0.00000851,2000-11-06
祝君好,Chilam,Zhu Jun Hao,B,135,255000,4/4,FALSE,mandarin,zjh,https://open.spotify.com/track/6bZxiol0nxTfofgGJDtY6g,,0.514,0.379,0.139,0.429,0.0000315,2001-02-20
消愁,Mao Buyi,Xiao Chou,Fm,112,261347,4/4,FALSE,mandarin,xc,https://open.spotify.com/track/1eyhZf2stL2a1AXSfeKyYn,,0.384,0.533,0.238,0.582,0,2018-07-03
冷雨夜,Beyond,Leng Yu Ye,Am,172,301707,4/4,FALSE,mandarin,lyy,https://open.spotify.com/track/0BsaYPBFsPs7dmab6TMrPY,,0.636,0.396,0.303,0.619,0,2013-01-01
自然醒,Yoga Lin,Zi Ran Xing,Db,120,244507,4/4,FALSE,mandarin,zrx,https://open.spotify.com/track/2UFmnpUGfPiS2SQdgE05to,,0.777,0.484,0.176,0.0108,0,2011-05-06
在一起嘛好不好,Ronghao Li,Zai Yi Qi Ma Hao Bu Hao,G,156,298842,4/4,FALSE,mandarin,zyqmhbh,https://open.spotify.com/track/37QfvQfmJb2W1ALv2dORC5,,0.696,0.599,0.772,0.233,0.0000134,2020-06-03
天涯過客,Jay Chou,Tian Ya Guo Ke,D,98,253200,4/4,FALSE,mandarin,tygk,https://open.spotify.com/track/74fuCrlf0i17CHCSEzDIV5,,0.715,0.505,0.321,0.144,0.00032,2014-12-26
Mojito,Jay Chou,,C,115,185008,4/4,FALSE,english,m,https://open.spotify.com/track/7BYMjh3vWnHU4IFyfZdIDO,,0.595,0.814,0.8,0.476,0,2020-06-12
很久以後,G.E.M.,Hen Jiu Yi Hou,D,146,290265,4/4,FALSE,mandarin,hjyh,https://open.spotify.com/track/6lZKB76djHxzO0p2Y3E8vj,,0.474,0.46,0.186,0.673,0.000015,2019-12-26
Havana (feat. Young Thug),Camila Cabello,,D,105,217307,4/4,FALSE,english,h,https://open.spotify.com/track/1rfofaqEpACxVEHIZBJe6W,,0.523,0.765,0.394,0.184,0.0000356,2018-01-12
Fly Away,F.I.R.,,Gm,124,277800,4/4,FALSE,english,fa,https://open.spotify.com/track/6AaJt7d3FEfwAPudoXbeKG,,0.887,0.528,0.462,0.0294,0.00000957,2004-04-30
拿走了什麼,A-Lin,Na Zou Le Shen Me,C,75,296573,4/4,FALSE,mandarin,nzlsm,https://open.spotify.com/track/7gXiPiffMrqPe3Q1vzD6uM,,0.29,0.529,0.286,0.745,0,2014-12-30
藍月,OHMYMEITING,Lan Yue,E,174,283753,4/4,FALSE,mandarin,ly,https://open.spotify.com/track/3lXf29WynFLHPx1RgrV7iK,,0.635,0.38,0.418,0.161,0.00000208,2016-09-09
"越難越愛 - (劇集 ""使徒行者"" 片尾曲)",Jinny Ng,Yue Nan Yue Ai,Dm,134,237840,4/4,FALSE,mandarin,ynya,https://open.spotify.com/track/1tAx6KsKCG7q5wFa0CYaPz,,0.481,0.701,0.333,0.742,0,2014-11-27
自由,Zhang Zhen Yue,Zi You,Gb,150,260717,4/4,FALSE,mandarin,zy,https://open.spotify.com/track/1TuZ3BT8ba1WkGUo0ZTNCw,,0.954,0.545,0.962,0.0026,0,2004-06-24
終結孤單,Mayday,Zhong Jie Gu Dan,C,98,182840,4/4,FALSE,mandarin,zjgd,https://open.spotify.com/track/2OolGzFjvnbjtiAQrjAQVZ,,0.947,0.43,0.631,0.112,0,2000-12-21
无人之岛,任然,Wu Ren Zhi Dao,F,140,285234,4/4,FALSE,mandarin,wrzd,https://open.spotify.com/track/2F5RaL5gh6tBFyAVudaIqs,,0.454,0.461,0.243,0.391,0.00000775,2017-08-31
That's It,Power Station,,F,184,276467,4/4,FALSE,english,ti,https://open.spotify.com/track/0MI8gHVSjtpHZch2QDk7dF,,0.554,0.647,0.405,0.48,0,1999-12-08
讓我一次愛個夠,Harlem Yu,Rang Wo Yi Ci Ai Ge Gou,Am,101,259800,4/4,FALSE,mandarin,rwycagg,https://open.spotify.com/track/0lLtRropfDF3ZeZTX8kD0N,,0.699,0.703,0.661,0.125,0.0000211,1998-07-10
相信愛,Eric Chou,Xiang Xin Ai,E,75,266253,4/4,FALSE,mandarin,xxa,https://open.spotify.com/track/2ddl2ugwlZQGZiAvzJd8hR,,0.426,0.603,0.382,0.747,0.00000963,2020-01-07
那麼剛好,Zerlene 鄭潔伶,Na Me Gang Hao,F,180,235000,4/4,FALSE,mandarin,nmgh,https://open.spotify.com/track/18Fk2zBXx9NzHmvB8ADz6e,,0.461,0.494,0.245,0.427,0,2019-10-03
騎士精神,Jolin Tsai,Qi Shi Jing Shen,D,180,258293,4/4,FALSE,mandarin,qsjs,https://open.spotify.com/track/503agaD18wj3zVAh062bbB,,0.8,0.609,0.426,0.0935,0,2012-09-07
半島鐵盒,Jay Chou,Ban Dao Tie He,Ab,130,317400,4/4,FALSE,mandarin,bdth,https://open.spotify.com/track/4XjGz4IxIJ6tYk9tDIid8w,,0.439,0.784,0.491,0.432,0.00000463,2002-07-30
雙截棍,Jay Chou,Shuang Jie Gun,G,101,201013,4/4,FALSE,mandarin,sjg,https://open.spotify.com/track/666P7s4zrxYyQZYmFvebPc,,0.876,0.701,0.338,0.0124,0,2001-09-14
印地安老斑鳩,Jay Chou,Yin Di An Lao Ban Jiu,Am,94,302093,4/4,FALSE,mandarin,ydalbj,https://open.spotify.com/track/7pezb4GB2qV4NIpsY4X0a4,,0.667,0.779,0.715,0.145,0,2000-11-06
以父之名,Jay Chou,Yi Fu Zhi Ming,Dm,175,342000,4/4,FALSE,mandarin,yfzm,https://open.spotify.com/track/1zxThQ8TWAQOOSn2isGPk0,,0.564,0.432,0.398,0.298,0.233,2003-07-31
蛇 舞,Jay Chou,She Wu,A,108,172760,4/4,FALSE,mandarin,sw,https://open.spotify.com/track/6S88g7dif4IwDyPibkRlPh,,0.779,0.782,0.673,0.12,0.0301,2008-11-09
"無名之輩 (電視劇《親愛的, 熱愛的》主題曲)",陳雪燃,Wu Ming Zhi Bei,Db,85,262588,4/4,FALSE,mandarin,wmzb,https://open.spotify.com/track/4t6xJufZtFgVb0fbjCnWNv,,0.552,0.51,0.301,0.232,0,2019-07-08
Fixing a Broken Heart - Solo Version,Indecent Obsession,,A,105,212333,3/4,FALSE,english,fabh,https://open.spotify.com/track/6Kld4dUHU3Yh1zNjZJenEb,,0.377,0.404,0.349,0.545,0,1993
This Is Me,Keala Settle,,D,192,234707,4/4,FALSE,english,tim,https://open.spotify.com/track/45aBsnKRWUzhwbcqOJLwfe,,0.704,0.284,0.1,0.00583,0.000115,2017-12-08
雖然我願意,Wu Jia Hui,Sui Ran Wo Yuan Yi,E,129,222533,4/4,FALSE,mandarin,srwyy,https://open.spotify.com/track/0w6Nn6YXP03IaeKfeHxbSt,,0.546,0.54,0.205,0.219,0,2008-04-14
Walking On Sunshine,Katrina & The Waves,,Bb,110,238733,4/4,FALSE,english,wos,https://open.spotify.com/track/05wIrZSwuaVWhcv5FfqeH0,,0.869,0.596,0.944,0.0116,0.173,1985
溫柔,Mayday,Wen Rou,G,148,269872,4/4,FALSE,mandarin,wr,https://open.spotify.com/track/68hCIaUPR7jv5Y62Z7daxh,,0.713,0.499,0.419,0.0191,0,2003-04-17
"愛, 很簡單",David Tao,Ai Hen Jian Dan,Db,138,269533,4/4,FALSE,mandarin,ahjd,https://open.spotify.com/track/3OXHwY8gI2QUh0QliXBwrI,,0.39,0.554,0.292,0.569,0,1997-12-06
挪威的森林,Wu Bai,Nuo Wei De Sen Lin,Em,137,391027,4/4,FALSE,mandarin,nwdsl,https://open.spotify.com/track/5KdZLYyoBP0qsjDTDP28do,,0.568,0.672,0.622,0.382,0,1996-06-18
腦公,Jolin Tsai,Nao Gong,C#m,144,172969,4/4,FALSE,mandarin,ng,https://open.spotify.com/track/50ZM3drEKbAIKDfrbRYvX8,,0.804,0.716,0.528,0.103,0,2018-12-25
你要的全拿走,Tiger Hu,Ni Yao De Quan Na Zou,E,134,299334,4/4,FALSE,mandarin,nydqnz,https://open.spotify.com/track/37BXaP8wCJrH0M3AdtSNyk,,0.573,0.618,0.157,0.339,0,2018-01-23
情人,Beyond,Qing Ren,C,144,317000,4/4,FALSE,mandarin,qr,https://open.spotify.com/track/7jbEmYSciVOLX605a2P14Q,,0.445,0.543,0.152,0.375,0.000013,1992-07-31
冰雨,Andy Lau,Bing Yu,Gb,122,274653,4/4,FALSE,mandarin,by,https://open.spotify.com/track/4kH3O6ghiJbBCTdNqu0OAq,,0.368,0.652,0.314,0.654,0,1997
早安老师,李季美,Zao An Lao Shi,Eb,129,117000,4/4,FALSE,mandarin,zals,https://open.spotify.com/track/57NUEt7wTbUbEUu5gex4Yz,,0.508,0.644,0.683,0.582,0,2013-08-09
終於說出口,Xiao Yu,Zhong Yu Shuo Chu Kou,Bb,136,246907,4/4,FALSE,mandarin,zysck,https://open.spotify.com/track/1otTVkd8lKmRuj8qfMSxdT,,0.658,0.463,0.25,0.337,0,2008-01-20
在梅邊,Leehom Wang,Zai Mei Bian,Bbm,94,276822,4/4,FALSE,mandarin,zmb,https://open.spotify.com/track/0oVZF9KJ1j5LWsm04WIC1M,,0.807,0.762,0.503,0.101,0,2005-12-30
致姗姗来迟的你,A Si,Zhi Shan Shan Lai Chi De Ni,F#m,120,246022,4/4,FALSE,mandarin,zsslcdn,https://open.spotify.com/track/4eH9ujPhZSF0HZ1c004wtb,,0.628,0.697,0.74,0.418,0,2016-10-01
遙遠的她,Jacky Cheung,Yao Yuan De Ta,C,77,257547,4/4,FALSE,mandarin,yydt,https://open.spotify.com/track/7bPCumVyC06rDKgTiJ5BMX,,0.295,0.582,0.303,0.606,0,1986-01-01
一路上有你,Jacky Cheung,Yi Lu Shang You Ni,E,185,282827,4/4,FALSE,mandarin,ylsyn,https://open.spotify.com/track/4Uq4BHa2NVk9EUpXdSAdQl,,0.325,0.399,0.194,0.416,0,1993-01-01
一眼瞬間,A-Mei Chang,Yi Yan Shun Jian,B,77,356867,4/4,FALSE,mandarin,yysj,https://open.spotify.com/track/0xn15aoSLmniUKZtaYUau7,,0.457,0.208,0.169,0.79,0,2007-09-18
以後別做朋友,Eric Chou,Yi Hou Bie Zuo Peng You,Eb,131,260573,4/4,FALSE,mandarin,yhbzpy,https://open.spotify.com/track/7zyYmIdjqqiX6kLryb7QBx,,0.36,0.423,0.291,0.728,0,2014-12-19
聽爸爸的話,Jay Chou,Ting Ba Ba De Hua,C,126,263373,4/4,FALSE,mandarin,tbbdh,https://open.spotify.com/track/7AIX4Hle5cWBt3yU7Prr8y,,0.629,0.522,0.424,0.0499,0.00000401,2014-12-26
默契 (電影“百份百感覺2”主題曲),Sammi Cheng,Mo Qi,G,122,220720,4/4,FALSE,mandarin,mq,https://open.spotify.com/track/7KkgII3WhCQWMqRatcwegM,,0.602,0.537,0.24,0.412,0,2003
万年红,Teresa Teng,Wan Nian Hong,G,98,160920,4/4,FALSE,mandarin,wnh,https://open.spotify.com/track/6iLZHKSDzOF6qHCRcircjk,,0.654,0.714,0.759,0.539,0,2012-12-10
超人不會飛,Jay Chou,Chao Ren Bu Hui Fei,C,156,299800,4/4,FALSE,mandarin,crbhf,https://open.spotify.com/track/7qfAfl5pbXRFxSfE32e7i4,,0.363,0.667,0.366,0.345,0.000738,2010-05-20
浪人情歌,Wu Bai,Lang Ren Qing Ge,Gm,71,271333,3/4,FALSE,mandarin,lrqg,https://open.spotify.com/track/6WttjgrcxCq1CZnydPVVvt,,0.365,0.5,0.543,0.63,0,1994-12-16
真情流露,Jacky Cheung,Zhen Qing Liu Lu,Ab,128,308627,4/4,FALSE,mandarin,zqll,https://open.spotify.com/track/0tKQFCbbPRb0KkfM1pzU5a,,0.427,0.568,0.206,0.101,0,1992-01-01
祇想一生跟你走,Jacky Cheung,Qi Xiang Yi Sheng Gen Ni Zou,G,130,313267,4/4,FALSE,mandarin,qxysgnz,https://open.spotify.com/track/5iatMK7b76FuQtjBbUuQV1,,0.476,0.697,0.235,0.81,0,2012-01-01
最浪漫的事,趙詠華,Zui Lang Man De Shi,C,112,266493,4/4,FALSE,mandarin,zlmds,https://open.spotify.com/track/5E5iiAjLdZ6aAoV6oXluQO,,0.317,0.551,0.427,0.703,0,1994-06-04
走着走着就散了,Ada Zhuang,Zou Zhe Zou Zhe Jiu San Le,C#m,110,268117,4/4,FALSE,mandarin,zzzzjsl,https://open.spotify.com/track/1FiKMoTtnfQ3lKWktGMMAj,,0.534,0.652,0.26,0.664,0,2017
最長的電影,Jay Chou,Zui Zhang De Dian Ying,A,121,235840,4/4,FALSE,mandarin,zzddy,https://open.spotify.com/track/6C9w3NKP7yKqGLBP09iEL4,,0.359,0.533,0.165,0.19,0,2008-03-10
最笨的人是我,Abin Fang,Zui Ben De Ren Shi Wo,A,141,323533,4/4,FALSE,mandarin,zbdrsw,https://open.spotify.com/track/2UZU2WczNUACNFsmkXJ2Nf,,0.467,0.451,0.512,0.504,0,2017-10-05
最近,Sam Lee,Zui Jin,B,114,243442,4/4,FALSE,mandarin,zj,https://open.spotify.com/track/57pUHpCltt09b5w1W6m9qb,,0.432,0.664,0.29,0.59,0,2006-06-16
最重要的決定,Christine Fan,Zui Zhong Yao De Jue Ding,Gb,48,244080,3/4,FALSE,mandarin,zzydjd,https://open.spotify.com/track/7kofyJoXSTuwQaBPrvqtiM,,0.338,0.556,0.355,0.595,0,2011-03-18
追,Leslie Cheung,Zhui,C,180,323760,4/4,FALSE,mandarin,z,https://open.spotify.com/track/66cBlqEs1viJJCE74CDfGB,,0.209,0.317,0.232,0.735,0.000165,1995-07-07
至少還有你,Sandy Lam,Zhi Shao Hai You Ni,E,125,274800,4/4,FALSE,mandarin,zshyn,https://open.spotify.com/track/0fGM6yMJ1swPXt5NI0GCdl,,0.542,0.479,0.347,0.531,0.00000519,2000
Personal Angel,TANK 呂建忠,,B,130,259053,4/4,FALSE,english,pa,https://open.spotify.com/track/5zblxS4ZHlhsTR2LuwTwYh,,0.605,0.572,0.18,0.449,0,2007-01-19
終結孤單,Mayday,Zhong Jie Gu Dan,C,100,189160,4/4,FALSE,mandarin,zjgd,https://open.spotify.com/track/3k5cmt6XDrwGqrGMni8xu2,,0.954,0.518,0.786,0.0646,0,2000-07-07
在沒有你以後 (feat. 張智成),R-chord,Zai Mei You Ni Yi Hou,A,132,233636,4/4,FALSE,mandarin,zmynyh,https://open.spotify.com/track/3Awy4ditrQ5b3oFHi7dMBT,,0.761,0.517,0.521,0.294,0,2017-06-21
再見,G.E.M.,Zai Jian,G,136,206053,4/4,FALSE,mandarin,zj,https://open.spotify.com/track/5UAGQJmL7Rn4gn7wlkMyqS,,0.538,0.598,0.157,0.284,0,2015-11-06
知足,Mayday,Zhi Zu,E,160,256693,4/4,FALSE,mandarin,zz,https://open.spotify.com/track/4YJcQNIIdAJL9yrtHKLCXh,,0.23,0.406,0.395,0.88,0,2005-08-26
真實,A-Mei Chang,Zhen Shi,B,137,279560,4/4,FALSE,mandarin,zs,https://open.spotify.com/track/5P7CUwvMeOfAVyyKhUAWOP,,0.456,0.305,0.315,0.751,0,2001-10-18
園遊會,Jay Chou,Yuan You Hui,B,122,251573,4/4,FALSE,mandarin,yyh,https://open.spotify.com/track/2ZlUyEiq09jls3eyk6mjau,,0.677,0.656,0.608,0.141,0.00153,2004-08-03
一人一半,Wu Jia Hui,Yi Ren Yi Ban,Am,113,208333,4/4,FALSE,mandarin,yryb,https://open.spotify.com/track/4rqugt2KQBrOhE4f107PBl,,0.326,0.469,0.45,0.854,0.0000139,2007-08-08
友情歲月,Ekin Cheng,You Qing Sui Yue,Bm,129,212200,4/4,FALSE,mandarin,yqsy,https://open.spotify.com/track/50ayGcMAz9tJ99bFwfB2GT,,0.655,0.627,0.375,0.185,0,1998-06-29
雨愛,Rainie Yang,Yu Ai,E,160,261560,4/4,FALSE,mandarin,ya,https://open.spotify.com/track/553GNiNqcudWfsF55RBDqz,,0.657,0.422,0.218,0.214,0,2009-12-29
You're Still The One,Shania Twain,,Eb,134,212200,4/4,FALSE,english,ysto,https://open.spotify.com/track/1wb4P4F0sxAQ2KXrRvsx6n,,0.494,0.585,0.634,0.363,0,1997-11-04
一家一,Fish Leong,Yi Jia Yi,Gb,128,267773,4/4,FALSE,mandarin,yjy,https://open.spotify.com/track/22lgPyrA0jLFI0rX17IszX,,0.56,0.585,0.519,0.53,0,2010-01-01
有沒有,WeiBird,You Mei You,G,76,252227,3/4,FALSE,mandarin,ymy,https://open.spotify.com/track/34gdSzSmMXOSd4T0PtMzO4,,0.293,0.526,0.213,0.172,0,2010-06-04
雨天,Stefanie Sun,Yu Tian,Db,116,241867,4/4,FALSE,mandarin,yt,https://open.spotify.com/track/5tZbcQ5PYID0xB0VNblmrK,,0.383,0.503,0.417,0.73,0,2006-09-21
一場遊戲一場夢,Dave Wong,Yi Chang You Xi Yi Chang Meng,Bb,140,255333,4/4,FALSE,mandarin,ycyxycm,https://open.spotify.com/track/0Id7swY6cWbvYLtVVF0wvq,,0.32,0.561,0.356,0.802,0,1987-12-19
Your Song,Elton John,,Eb,128,241787,4/4,FALSE,english,ys,https://open.spotify.com/track/38zsOOcu31XbbYj9BIPUF1,,0.315,0.554,0.325,0.828,0.00000553,1970-04-10
野人的夢,黄宏墨,Ye Ren De Meng,Bb,128,182518,4/4,FALSE,mandarin,yrdm,https://open.spotify.com/track/05i9THGDREuG9kHxvBvGwQ,,0.794,0.725,0.684,0.527,0,2013-12-29
魚仔 - 電視劇<花甲男孩轉大人>主題曲,Crowd Lu,Yu Zi,C#m,82,280955,4/4,FALSE,mandarin,yz,https://open.spotify.com/track/2sb6AZQLeoD3VgA4zglQB6,,0.217,0.666,0.395,0.786,0,2017-05-26
月半小夜曲,Hacken Lee,Yue Ban Xiao Ye Qu,Gm,80,290973,4/4,FALSE,mandarin,ybxyq,https://open.spotify.com/track/7jFNX9aTdcQfhIgUVE02hi,,0.297,0.551,0.237,0.737,0,1988-01-01
Creep,Radiohead,,G,92,238640,4/4,FALSE,english,c,https://open.spotify.com/track/6b2oQwSGFkzsMtQruIWm2p,,0.43,0.515,0.104,0.0102,0.000141,1993-02-22
曹操,JJ Lin,Cao Cao,Em,144,242000,4/4,FALSE,mandarin,cc,https://open.spotify.com/track/5wD5rhGxsm05FqHptqLOyd,,0.72,0.503,0.415,0.00276,0,2006-02-17
一百萬個可能,克麗絲叮,Yi Bai Wan Ge Ke Neng,D,110,275453,4/4,FALSE,mandarin,ybwgkn,https://open.spotify.com/track/2HmRjsswgcKVjIhM8LzKrg,,0.593,0.571,0.144,0.391,0,2014-11-07
用餘生去愛,Jacky Cheung,Yong Yu Sheng Qu Ai,C,121,254239,4/4,FALSE,mandarin,yysqa,https://open.spotify.com/track/1pPxFiRJKyMR9zWp4OM1Wf,,0.205,0.501,0.235,0.921,0.00000244,2014-01-01
永不失聯的愛,Eric Chou,Yong Bu Shi Lian De Ai,Bb,170,259600,4/4,FALSE,mandarin,ybslda,https://open.spotify.com/track/46fURCnWErjFdNM2yBJ2c8,,0.43,0.289,0.531,0.624,0,2017-12-15
原來只因深愛著,Kwan Gor,Yuan Lai Zhi Yin Shen Ai Zhe,F#m,142,295355,4/4,FALSE,mandarin,ylzysaz,https://open.spotify.com/track/3byg5BtnxICWdXAcCgjJWm,,0.367,0.5,0.373,0.662,0,2017-05-18
You & I (Nobody in the World),John Legend,,Bm,84,252653,4/4,FALSE,english,y&i,https://open.spotify.com/track/55nlbqqFVnSsArIeYSQlqx,,0.342,0.456,0.224,0.129,0,2013-08-30
擁抱,Mayday,Yong Bao,C,120,286827,4/4,FALSE,mandarin,yb,https://open.spotify.com/track/0Sx7x9VwMMzsEMulinpIHp,,0.433,0.481,0.282,0.464,0,2013-12-27
擁抱,Mayday,Yong Bao,B,129,254800,4/4,FALSE,mandarin,yb,https://open.spotify.com/track/4rDrmDk4hAsuAHOhnxLFkE,,0.323,0.552,0.264,0.82,0,1999-07-07
心在跳,Leon Lai,Xin Zai Tiao,C,126,220267,4/4,FALSE,mandarin,xzt,https://open.spotify.com/track/19oB50EHUCQ92bErsIlvhj,,0.304,0.511,0.179,0.567,0,1998-06-04
大笨鐘,Jay Chou,Da Ben Zhong,E,148,242840,4/4,FALSE,mandarin,dbz,https://open.spotify.com/track/2hjTSnSYU25he80XAWie4y,,0.617,0.579,0.248,0.0527,0.00000974,2012-12-28
等你下課,Jay Chou,Deng Ni Xia Ke,Ab,148,270000,4/4,FALSE,mandarin,dnxk,https://open.spotify.com/track/76WthWB0v0KXUHZoAclMVV,,0.465,0.589,0.416,0.477,0,2018-01-18
妳聽得到,Jay Chou,Nai Ting De Dao,Bb,116,230480,4/4,FALSE,mandarin,ntdd,https://open.spotify.com/track/6CY0N3nZ28bBdxRNjgM3xx,,0.368,0.718,0.224,0.409,0.00168,2003-07-31
Desperado - 2013 Remaster,Eagles,,G,60,213713,4/4,FALSE,english,d,https://open.spotify.com/track/2TjnCxxQRYn56Ye8gkUKiW,,0.224,0.228,0.18,0.946,0.000222,1973
爱. 无力,Kelly Pan,Ai Wu Li,F,118,264893,4/4,FALSE,mandarin,awl,https://open.spotify.com/track/1b3lrfyU2bOOarTEV0OUQZ,,0.462,0.518,0.246,0.576,0,2006-01-01
大大的擁抱,A-Lin,Da Da De Yong Bao,D,154,237880,4/4,FALSE,mandarin,dddyb,https://open.spotify.com/track/18pDDXTTeqVeytIgzes2bc,,0.771,0.521,0.858,0.0427,0,2012-01-06
大約在冬季,Chyi Chin,Da Yue Zai Dong Ji,Fm,74,232827,4/4,FALSE,mandarin,dyzdj,https://open.spotify.com/track/5Oi1UhGQq2B7me6uPpAcc2,,0.336,0.667,0.461,0.767,0,1990-01-01
豆漿油條,JJ Lin,Dou Jiang You Tiao,G,88,254000,4/4,FALSE,mandarin,djyt,https://open.spotify.com/track/7vva2pL13vWP3XHKltJNJ7,,0.521,0.748,0.759,0.37,0,2004-06-04
你的眼睛背叛了你的心 - 國,Ronald Cheng,Ni De Yan Jing Bei Pan Le Ni De Xin,D,132,267507,4/4,FALSE,mandarin,ndyjbplndx,https://open.spotify.com/track/5VXAmfbRlaQe6kr48mae2z,,0.627,0.639,0.456,0.211,0,2006
Numb,Linkin Park,,A,110,185587,4/4,FALSE,english,n,https://open.spotify.com/track/2nLtzopw4rPReszdYBJU6h,,0.863,0.496,0.243,0.0046,0,2003-03-24
Yellow River,Christie,,E,130,165960,4/4,FALSE,english,yr,https://open.spotify.com/track/4VnzKUBMB6cvog8Jvv1few,,0.544,0.627,0.877,0.0859,0,1970
You Are The Reason,Calum Scott,,Bb,114,204326,3/4,FALSE,english,yatr,https://open.spotify.com/track/69vToJ9BMbbLlFZo7k7A7B,,0.235,0.331,0.218,0.918,0,2018-03-09
You And Me,Lifehouse,,G,93,195493,3/4,FALSE,english,yam,https://open.spotify.com/track/0815caqt2Lytro5EIzMufT,,0.427,0.459,0.354,0.114,0,2005-03-22
You and I,Michael Bublé,,Eb,115,234867,4/4,FALSE,english,yai,https://open.spotify.com/track/64KhOoOJnNvijGs74xy6vu,,0.135,0.334,0.223,0.9,0.000718,2005-02-08
You And I,Stevie Wonder,,Gb,122,278213,4/4,FALSE,english,yai,https://open.spotify.com/track/647D8WS57rPpIM1AXXHpHJ,,0.164,0.264,0.0699,0.921,0.00124,1972-10-28
月牙灣,F.I.R.,Yue Ya Wan,D,174,308547,4/4,FALSE,mandarin,yyw,https://open.spotify.com/track/1b5IRT3iraxjHOsKZx93sW,,0.691,0.414,0.552,0.0523,0,2007-09-28
絲路,Fish Leong,Si Lu,F,73,301441,4/4,FALSE,mandarin,sl,https://open.spotify.com/track/3n1pQaVXdH9KGW8z2BbqAP,,0.34,0.522,0.607,0.867,0,2005-09-16
有点甜,Silence Wang,You Dian Tian,E,105,235201,4/4,FALSE,mandarin,ydt,https://open.spotify.com/track/1xjDvv3wvcB49iVggnn7iK,,0.586,0.696,0.421,0.68,0,2012-06-01
夜來香,Teresa Teng,Ye Lai Xiang,Ab,111,195680,4/4,FALSE,mandarin,ylx,https://open.spotify.com/track/752PdnNZng0fotqGHSDara,,0.423,0.533,0.648,0.865,0.0000329,2010-01-01
李香蘭,Jacky Cheung,Li Xiang Lan,Am,77,396187,4/4,FALSE,mandarin,lxl,https://open.spotify.com/track/2hBI3IgxXeVzjBEpodrmxq,,0.199,0.347,0.0774,0.723,0.000438,1990-07-23
我不難過,Stefanie Sun,Wo Bu Nan Guo,Eb,128,320400,4/4,FALSE,mandarin,wbng,https://open.spotify.com/track/4XrWar13kLO1jr535AzKrQ,,0.521,0.439,0.128,0.268,0,2003-01-07
空白格,Tanya Chua,Kong Bai Ge,C,74,252600,4/4,FALSE,mandarin,kbg,https://open.spotify.com/track/6t2Pr9rcdVzvuAFuGJt8Fb,,0.221,0.341,0.334,0.956,0.0000136,2007-10-19
別找我麻煩,Tanya Chua,Bie Zhao Wo Ma Fan,G#m,180,248493,4/4,FALSE,mandarin,bzwmf,https://open.spotify.com/track/2u3k4qplPLgSe7T6DqLBfe,,0.482,0.641,0.813,0.444,0,2011-11-18
一個人生活 - 2012幸福蛻變版,林凡,Yi Ge Ren Sheng Huo,Eb,100,285137,4/4,FALSE,mandarin,ygrsh,https://open.spotify.com/track/5Hi3Xlpda9VnUUIgfVZAPp,,0.44,0.644,0.226,0.839,0.00000193,2012-08-14
一个人的圣诞节,Lennerd,Yi Ge Ren De Sheng Dan Jie,C,78,320173,4/4,FALSE,mandarin,ygrdsdj,https://open.spotify.com/track/7i7k3gOMe8dmJ3vlZo9sCy,,0.427,0.563,0.315,0.668,0,2017-12-04
BECAUSE OF LOVE因為愛情,Eason Chan,Yin Wei Ai Qing,F,176,216893,4/4,FALSE,mandarin,ywaq,https://open.spotify.com/track/6WOwRdX67b4VKujGIal4tK,,0.205,0.412,0.297,0.858,0,2011-01-01
約定,Faye Wong,Yue Ding,E,80,267587,4/4,FALSE,mandarin,yd,https://open.spotify.com/track/2iKRfDTZj2oyDk0P7zej2s,,0.261,0.565,0.184,0.889,0.00017,1997
約定 (Commitment),Michael Wong,Yue Ding,Bb,95,233267,4/4,FALSE,mandarin,yd,https://open.spotify.com/track/68UIVRkAwHjsuVS77qtEhu,,0.447,0.524,0.278,0.767,0.00115,2006-03-30
依然愛你,Leehom Wang,Yi Ran Ai Ni,A,148,244600,4/4,FALSE,mandarin,yran,https://open.spotify.com/track/7qOp7uoBitD281yF5PxWAy,,0.374,0.635,0.401,0.837,0,2011-09-30
最熟悉的陌生人,Elva Hsiao,Zui Shu Xi De Mo Sheng Ren,G,120,262413,4/4,FALSE,mandarin,zsxdmsr,https://open.spotify.com/track/4p1t0HAkt4sYo3R1JQ1WrD,,0.609,0.677,0.344,0.143,0,2004-07-16
Versace on the Floor,Bruno Mars,,D,174,261240,4/4,FALSE,english,votf,https://open.spotify.com/track/0kN8xEmgMW9mh7UmDYHlJP,,0.574,0.578,0.301,0.196,0,2016-11-17
Viva La Vida,Coldplay,,Fm,138,242373,4/4,FALSE,english,vlv,https://open.spotify.com/track/1mea3bSkSGXuIRvnydlB5b,,0.619,0.485,0.416,0.0941,0.00000331,2008-05-26
Venus,Stefanie Sun,,Bm,126,210840,4/4,FALSE,english,v,https://open.spotify.com/track/0rRLJXJhWd8V3H0sZ6PXaY,,0.882,0.776,0.955,0.0665,0.00199,2002-01-04
Valentine,Jim Brickman,,Db,95,196267,4/4,FALSE,english,v,https://open.spotify.com/track/6qWGRBzQMq6DXovBZMSE9d,,0.263,0.521,0.184,0.836,0.0000262,1997
Voodoo Child (Slight Return),Jimi Hendrix,,Ab,176,313373,4/4,FALSE,english,vc,https://open.spotify.com/track/2AxCeJ6PSsBYiTckM0HLY7,,0.91,0.214,0.447,0.48,0.00839,1968-10-25
Uptown Funk (feat. Bruno Mars),Mark Ronson,,C,115,269667,4/4,FALSE,english,uf,https://open.spotify.com/track/32OlwWuMpZ6b0aN2RZOeMS,,0.609,0.856,0.928,0.00801,0.0000815,2015-01-12
"Under the Sea - From ""The Little Mermaid"" / Soundtrack Version",Samuel E. Wright,,Bb,99,195147,4/4,FALSE,english,uts,https://open.spotify.com/track/6oYkwjI1TKP9D0Y9II1GT7,,0.475,0.511,0.819,0.708,0,2006-01-01
Unconditionally,Katy Perry,,G,129,228879,4/4,FALSE,english,u,https://open.spotify.com/track/009ImBOrIUlWgla8U05RAC,,0.725,0.432,0.353,0.00273,0,2013-01-01
你的倒影,颜黎明,Ni De Dao Ying,F,63,209733,3/4,FALSE,mandarin,nddy,https://open.spotify.com/track/0uPMdXlUbgw6fgxBCJA4ol,,0.257,0.392,0.182,0.817,0.0000389,2007-08-08
细水长流,梁文福,Xi Shui Chang Liu,D,92,196347,4/4,FALSE,mandarin,xscl,https://open.spotify.com/track/3eKy1CcALlf7XfvzBcWGne,,0.405,0.524,0.524,0.844,0,2007-08-08
邂逅,巫啟賢,Xie Hou,Bb,83,223013,4/4,FALSE,mandarin,xh,https://open.spotify.com/track/6MR0kZkaunUwy5fwHY1BF1,,0.398,0.464,0.274,0.85,0.741,2011-07-25
道聽途說,Lin Hsin Yi,Dao Ting Tu Shuo,G,168,298965,4/4,FALSE,mandarin,dtts,https://open.spotify.com/track/2aOYD2oBsbw0ZfFm18IJvy,,0.521,0.378,0.188,0.346,0,2016-03-01
網獸,StellaVee,Wang Shou,F,170,250541,4/4,FALSE,mandarin,ws,https://open.spotify.com/track/4Xr5sOfBCt2AtOD8cqUPw1,,0.721,0.556,0.186,0.414,0,2019-10-18
I Love You Always Forever,Donna Lewis,,F,104,239960,4/4,FALSE,english,ilyaf,https://open.spotify.com/track/1PEqh7awkpuepLBSq8ZwqD,,0.453,0.744,0.122,0.627,0.421,1996-04-16
The Scientist,Coldplay,,F,146,309600,4/4,FALSE,english,ts,https://open.spotify.com/track/75JFxkI2RXiU7L9VXzMkle,,0.442,0.56,0.212,0.727,0.0000171,2002-08-08
傻瓜,Landy Wen,Sha Gua,A,120,276093,4/4,FALSE,mandarin,sg,https://open.spotify.com/track/2Aa6nMIIqZkQOroZJgfIVH,,0.475,0.394,0.186,0.553,0,2007-08-03
殺手,JJ Lin,Sha Shou,Am,98,193728,4/4,FALSE,mandarin,ss,https://open.spotify.com/track/1oK59Hgj3qZS6JysQR4SIN,,0.809,0.702,0.44,0.525,0.000743,2016-01-08
K歌之王,Eason Chan,Ge Zhi Wang,D,79,222351,4/4,FALSE,mandarin,gzw,https://open.spotify.com/track/4QkfX9IvweUUIDY9pRACPp,,0.349,0.346,0.271,0.754,0.00000146,2000-11-15
她的睫毛,Jay Chou,Ta De Jie Mao,A,152,232893,4/4,FALSE,mandarin,tdjm,https://open.spotify.com/track/1CHawaJSkwZdn3YJJXRdlh,,0.731,0.44,0.373,0.0435,0.031,2003-07-31
丑八怪,Joker Xue,Chou Ba Guai,Db,124,253127,4/4,FALSE,mandarin,cbg,https://open.spotify.com/track/749ROZZstvy0OzCMgNjnXf,,0.399,0.569,0.287,0.784,0,2013-11-11
Cần Gì Hơn,Tien Tien,,B,93,206890,4/4,FALSE,english,cgh,https://open.spotify.com/track/4bCuBkeVRofawnFkGu05fu,,0.559,0.711,0.68,0.576,0.00000589,2020-03-10
耳朵,Ronghao Li,Er Duo,Ab,124,241267,4/4,FALSE,mandarin,ed,https://open.spotify.com/track/7B8gZQY2KaAP1Dn1fhDU67,,0.492,0.61,0.323,0.617,0.00000605,2018-10-17
22,David Tao,,F,93,261907,4/4,FALSE,english,2,https://open.spotify.com/track/2X8dqN4Jd4A7vnh1GHzPk0,,0.539,0.678,0.441,0.63,0,2002-06-29
害怕,JJ Lin,Hai Pa,D,87,280000,4/4,FALSE,mandarin,hp,https://open.spotify.com/track/5dvZNrAzEyomqm1MzDlw7Q,,0.334,0.303,0.25,0.855,0,2004-06-04
美人魚,JJ Lin,Mei Ren Yu,Am,95,252000,4/4,FALSE,mandarin,mry,https://open.spotify.com/track/2ahydS3UcOoAF2usK3I1ph,,0.647,0.624,0.452,0.451,0,2004-06-04
偉大的渺小,JJ Lin,Wei Da De Miao Xiao,D,125,277627,4/4,FALSE,mandarin,wddmx,https://open.spotify.com/track/1P2RxojrM3KEoKgM7pbc9i,,0.476,0.465,0.162,0.554,0,2017-12-28
不為誰而作的歌,JJ Lin,Bu Wei Shui Er Zuo De Ge,D,145,265800,4/4,FALSE,mandarin,bwsezdg,https://open.spotify.com/track/0VqSdtXseb9khdZrnYVyM1,,0.641,0.402,0.252,0.534,0,2015-12-18
那些你很冒險的夢,JJ Lin,Nei Xie Ni Hen Mao Xian De Meng,D,135,244470,4/4,FALSE,mandarin,nxnhmxdm,https://open.spotify.com/track/5kZDxLcbqglZ2yYXg4Mkjc,,0.487,0.426,0.28,0.785,0,2011-12-30
會有那麼一天,JJ Lin,Hui You Na Me Yi Tian,C,133,248227,4/4,FALSE,mandarin,hynmyt,https://open.spotify.com/track/6U0fWlBshjYDtaolsU9nNs,,0.342,0.514,0.398,0.661,0,2003-04-01
飞鸟和蝉,任然,Fei Niao He Chan,Bb,148,296007,4/4,FALSE,mandarin,fnhc,https://open.spotify.com/track/0O7O4sssbFxoNoB4QRGra1,,0.563,0.565,0.319,0.741,0,2020-07-03
跟著感覺走,Julie Sue,Gen Zhe Gan Jue Zou,C,86,242533,4/4,FALSE,mandarin,gzgjz,https://open.spotify.com/track/4STqicE4A9WDMY8Mr0XxQW,,0.611,0.672,0.667,0.00753,0,2015-06-18
等待,Yokez,Deng Dai,C,105,301902,4/4,FALSE,mandarin,dd,https://open.spotify.com/track/4jyvG2xtc3zHHeWtOIrfDD,,0.352,0.56,0.316,0.878,0.0000125,2018-12-04
祝你幸福,Ronghao Li,Zhu Ni Xing Fu,Dm,124,277900,4/4,FALSE,mandarin,znxf,https://open.spotify.com/track/3YMAftWokPE60dI8QGxmhf,,0.333,0.621,0.28,0.558,0.000017,2017-11-17
Vì Yêu Cứ Đâm Đầu,MIN,,Gb,120,231000,4/4,FALSE,english,vycđđ,https://open.spotify.com/track/02Jf3KszL1FB1kG6CILEWE,,0.779,0.77,0.775,0.289,0.0000387,2019-11-10
不僅僅是喜歡,Isaac Yong,Bu Jin Jin Shi Xi Huan,C#m,110,229091,4/4,FALSE,mandarin,bjjsxh,https://open.spotify.com/track/4sfMwL2W4g5lWthUyIRd1c,,0.302,0.848,0.523,0.66,0,2019-04-04
Wonderful U,AGA,,Gb,120,248551,3/4,FALSE,english,wu,https://open.spotify.com/track/4XMmAIKiO5MS9TzzRaKMCB,,0.436,0.557,0.246,0.809,0,2016-03-14
花樣年華,Ronghao Li,Hua Yang Nian Hua,Em,100,311858,3/4,FALSE,mandarin,hynh,https://open.spotify.com/track/5WUN3dv9If1YqUDaQFvkEd,,0.405,0.636,0.42,0.131,0.000581,2020-05-23
Have It All,Jason Mraz,,C#m,82,226098,4/4,FALSE,english,hia,https://open.spotify.com/track/1pIMxRddmCGalHnRbLFkWg,,0.617,0.643,0.592,0.192,0,2018-04-27
Em Day Chang Phai Thuy Kieu,Hoang Thuy Linh,,Gm,88,214500,4/4,FALSE,english,edcptk,https://open.spotify.com/track/031jyNUkkD02vrkgZDGJxu,,0.492,0.666,0.683,0.681,0.00436,2019-10-20
遠走高飛,Sam Lee,Yuan Zou Gao Fei,G,104,269944,4/4,FALSE,mandarin,yzgf,https://open.spotify.com/track/4n5FTbdQ8v53BhdfMjFX0W,,0.496,0.645,0.348,0.549,0,2004-11-26
幸福摩天輪,Eason Chan,Xing Fu Mo Tian Lun,C,92,257920,4/4,FALSE,mandarin,xfmtl,https://open.spotify.com/track/0AJi3XCcEEboePVz60fbki,,0.342,0.656,0.368,0.252,0,2013-05-22
公園,Khalil Fong,Gong Yuan,Ebm,98,241333,4/4,FALSE,mandarin,gy,https://open.spotify.com/track/4PwPmQHXGoq8XaLTT2geLp,,0.33,0.87,0.667,0.14,0.0000303,2013-11-26
刻在我心底的名字 (Your Name Engraved Herein) - 電影<刻在你心底的名字>主題曲,Crowd Lu,Ke Zai Wo Xin Di De Ming Zi,Bb,136,320166,4/4,FALSE,mandarin,kzwxddmz,https://open.spotify.com/track/3OC84eKMxRJ4x0Hcwl9i4i,,0.201,0.425,0.267,0.873,0,2020-08-25
勇气,棉子,Yong Qi,E,140,241711,4/4,FALSE,mandarin,yq,https://open.spotify.com/track/5rY7xc2h5Imj6iFn97h8Qj,,0.421,0.545,0.161,0.5,0,2020-03-22
地球上最浪漫的一首歌,Alien Huang,Di Qiu Shang Zui Lang Man De Yi Shou Ge,G,140,281183,4/4,FALSE,mandarin,dqszlmdysg,https://open.spotify.com/track/5V3eOL0Zyb3OqhwOmFRvyO,,0.487,0.57,0.425,0.373,0,2009-12-18
后来遇见他,胡66,Hou Lai Yu Jian Ta,Gb,128,249751,4/4,FALSE,mandarin,hlyjt,https://open.spotify.com/track/2yuslFGCZXjdFLfQACMeiZ,,0.404,0.579,0.249,0.75,0,2020-03-20
但願人長久,Faye Wong,Dan Yuan Ren Zhang Jiu,E,177,260173,4/4,FALSE,mandarin,dyrzj,https://open.spotify.com/track/12yVeepFYqv2z9UHHR2Rly,,0.244,0.331,0.336,0.809,0.00000651,1995
私奔到月球,Mayday,Si Ben Dao Yue Qiu,G,184,226787,4/4,FALSE,mandarin,sbdyq,https://open.spotify.com/track/0WzdHebEnoKHlTxq5x2e67,,0.681,0.513,0.616,0.376,0,2007-07-20
你啊你啊 - 電視劇「用九柑仔店」插曲,Waa Wei,Ni A Ni A,A,124,326227,4/4,FALSE,mandarin,nana,https://open.spotify.com/track/4nyO1azSuhT5JrETvzEahs,,0.187,0.585,0.179,0.903,0,2016-11-25
打錯了,Faye Wong,Da Cuo Le,Bb,120,192000,4/4,FALSE,mandarin,dcl,https://open.spotify.com/track/6E37CC0xg0uTD7yE5yoDaT,,0.672,0.64,0.894,0.556,0.00000562,2001-10-18
交換餘生,JJ Lin,Jiao Huan Yu Sheng,D,130,276339,4/4,FALSE,mandarin,jhys,https://open.spotify.com/track/4daA20tBusVX29bUWgd8Dw,,0.496,0.49,0.173,0.0473,0.00000155,2020-09-16
回到過去,Jay Chou,Hui Dao Guo Qu,B,170,231467,4/4,FALSE,mandarin,hdgq,https://open.spotify.com/track/7aGklaoRXNcuufJQGsly0X,,0.459,0.52,0.187,0.842,0,2002-07-30
月亮代表我的心,Teresa Teng,Yue Liang Dai Biao Wo De Xin,Db,78,206293,4/4,FALSE,mandarin,yldbwdx,https://open.spotify.com/track/3Srw8isgDzmYsgwDi4MtbD,,0.32,0.447,0.349,0.848,0.0905,1983-01-01
Crazy Little Thing Called Love,Queen,,G,77,163342,4/4,FALSE,english,cltcl,https://open.spotify.com/track/1F9NVicWfNQA5ki8WmEtk8,,0.762,0.626,0.766,0.673,0.0000021,2018-10-19
Can't Take My Eyes off You,Frankie Valli,,E,124,203240,4/4,FALSE,english,ctmeoy,https://open.spotify.com/track/6ft9PAgNOjmZ2kFVP7LGqb,,0.764,0.575,0.536,0.566,0.0000107,2003-01-14
Careless Whisper,George Michael,,Dm,153,300107,4/4,FALSE,english,cw,https://open.spotify.com/track/4jDmJ51x1o9NZB5Nxxc7gY,,0.629,0.574,0.786,0.128,0,1998-11-09
甜蜜蜜,Teresa Teng,Tian Mi Mi,D,127,211840,4/4,FALSE,mandarin,tmm,https://open.spotify.com/track/2XoUbKNeEbvoI0rP3XrHGp,,0.387,0.638,0.412,0.267,0.00165,1979-01-01
My Way,Frank Sinatra,,D,75,276800,4/4,FALSE,english,mw,https://open.spotify.com/track/3spdoTYpuCpmq19tuD0bOe,,0.381,0.401,0.229,0.7,0,1969-03
Sorry Seems To Be The Hardest Word,Elton John,,Gm,118,228933,4/4,FALSE,english,sstbthw,https://open.spotify.com/track/6XfxmT5QNCXvpZA6PKfWVL,,0.22,0.371,0.112,0.828,0.00000123,1976-01-01
在青春迷失的咖啡館,Cyndi Wang,Zai Qing Chun Mi Shi De Ka Fei Guan,G,168,218097,4/4,FALSE,mandarin,zqcmsdkfg,https://open.spotify.com/track/77xwukOvyqpUwDQFBNvKNO,,0.539,0.587,0.168,0.69,0,2018-12-07
我們都寂寞,Eason Chan,Wo Men Dou Ji Mo,Dm,130,292907,4/4,FALSE,mandarin,wmdjm,https://open.spotify.com/track/2WQSseyCsvMSczVqpu7PCs,,0.244,0.556,0.194,0.825,0,2003-04-15
One Last Cry,Brian McKnight,,B,110,295358,4/4,FALSE,english,olc,https://open.spotify.com/track/3l9OCOG3Vt6c2lxeMyGSIY,,0.126,0.355,0.102,0.909,0.000337,1992-06-23
陰天,Karen Mok,Yin Tian,Bb,134,242817,4/4,FALSE,mandarin,yt,https://open.spotify.com/track/3aYrODYvFONIvLXMc9VwDv,,0.52,0.718,0.262,0.554,0.00000936,2002-03-14
爸爸媽媽,Ronghao Li,Ba Ba Ma Ma,B,102,284216,4/4,FALSE,mandarin,bbmm,https://open.spotify.com/track/0w4Sf61CbM69gDD7RVmaBD,,0.507,0.67,0.258,0.699,0,2016-01-22
深夜,Isaac Yong,Shen Ye,Gb,114,263390,3/4,FALSE,mandarin,sy,https://open.spotify.com/track/3QPVZxXkYdghB7RqiM7SXc,,0.399,0.425,0.253,0.711,0,2019-09-19
把你藏起來,Alex To,Ba Ni Cang Qi Lai,B,130,235013,4/4,FALSE,mandarin,bncql,https://open.spotify.com/track/0Vf0yfQR1pkmtnXp7tnr9e,,0.719,0.51,0.435,0.266,0,2005-05-17
聽說愛情回來過,Sandy Lam,Ting Shuo Ai Qing Hui Lai Guo,Gb,108,318493,4/4,FALSE,mandarin,tsaqhlg,https://open.spotify.com/track/19XHm4h6bghYNwIhKqAuKi,,0.472,0.612,0.125,0.577,0,1995-01-25
找自己,David Tao,Zhao Zi Ji,Db,90,304707,4/4,FALSE,mandarin,zzj,https://open.spotify.com/track/0ttmVaBZTAoXnR0s8ljBAx,,0.77,0.668,0.856,0.0221,0.00000441,1999-06-29
雪人,Mavis Fan,Xue Ren,C,116,282333,4/4,FALSE,mandarin,xr,https://open.spotify.com/track/4yiv37jghNbGoBK4Y9l7cA,,0.307,0.566,0.166,0.349,0.00000623,1996-12-05
善变,王靖雯不胖,Shan Bian,D,174,256552,4/4,FALSE,mandarin,sb,https://open.spotify.com/track/06B9w0ykvQbj61BCRViQo9,,0.453,0.291,0.178,0.552,0,2020-09-30
Tu Recuerdo (feat. La Mari De Chambao & Tommy Torres),Ricky Martin,,Cm,83,247867,4/4,FALSE,english,tr,https://open.spotify.com/track/61hJK3EfAd1LDk7x5OrCTc,,0.82,0.4,0.398,0.502,0,2006-11-01
夢一場,那英,Meng Yi Chang,D,211,232333,4/4,FALSE,mandarin,myc,https://open.spotify.com/track/5EIfRhrHwSCa4rhA4jXyES,,0.2,0.431,0.309,0.787,0,1999-07-07
兩隻戀人,Gary Chaw,Liang Zhi Lian Ren,C#m,125,244691,4/4,FALSE,mandarin,lzlr,https://open.spotify.com/track/16MADi2KjVZgwshXXnCysN,,0.633,0.676,0.343,0.489,0.00000244,2006-12-27
一公尺,Jerry Yan,Yi Gong Chi,B,133,250773,4/4,FALSE,mandarin,ygc,https://open.spotify.com/track/3VhFGiJm9OKZNCexnYTG8A,,0.443,0.466,0.27,0.644,0,2004-08-05
三人遊,Khalil Fong,San Ren You,C,128,237427,4/4,FALSE,mandarin,sry,https://open.spotify.com/track/0ZkoOzNcWkxXaeWzuBFWPU,,0.389,0.478,0.446,0.704,0,2008-12-19
High High High,A-Mei Chang,,Gb,103,248400,4/4,FALSE,english,hhh,https://open.spotify.com/track/4ga52YETr7EmGZeaX7nuQ1,,0.62,0.75,0.644,0.0326,0,1998-10-01
Day 1 ◑,HONNE,,Gb,95,233601,4/4,FALSE,english,d1◑,https://open.spotify.com/track/6ZzYETKetIfNUsZUb23jgG,,0.581,0.503,0.633,0.21,0.000708,2018-08-24
Day 1 ◑ - Brooklyn Session,HONNE,,Db,85,281629,4/4,FALSE,english,d1◑,https://open.spotify.com/track/4Y4zS5KbeQFzERQGDXCTsd,,0.213,0.393,0.268,0.824,0,2018
夏日の風,Landy Wen,Xia Ri Feng,D,114,240653,4/4,FALSE,mandarin,xrf,https://open.spotify.com/track/7y1At0wJ9E11vQvD93uG9c,,0.526,0.692,0.312,0.73,0,2004-07-06
Never Too Much,Luther Vandross,,D,110,230467,4/4,FALSE,english,ntm,https://open.spotify.com/track/3nFJbZCHP4d9vduKjJLdBL,,0.586,0.734,0.762,0.125,0,1981-07-23
Hello,Lionel Richie,,Am,62,246933,4/4,FALSE,english,h,https://open.spotify.com/track/6HMvJcdw6qLsyV1b5x29sa,,0.222,0.424,0.0606,0.646,0,1983-01-01
緩緩,A-Mei Chang,Huan Huan,Ab,172,227333,4/4,FALSE,mandarin,hh,https://open.spotify.com/track/6GD7YFzkLd6nxKrbGqtKpp,,0.577,0.461,0.549,0.791,0.00000301,2020-12-30
睜一隻眼閉一隻眼(OT: I Did It Again),Jolin Tsai,Zheng Yi Zhi Yan Bi Yi Zhi Yan,Bbm,115,178707,4/4,FALSE,mandarin,zyzybyzy,https://open.spotify.com/track/4ttSrcCGJk2FlYrKfmpQRY,,0.655,0.864,0.835,0.0576,0,2005-04-25
What Makes You Beautiful,One Direction,,E,125,199987,4/4,FALSE,english,wmyb,https://open.spotify.com/track/4cluDES4hQEUhmXj6TXkSo,,0.787,0.726,0.888,0.009,0,2012-05-25
你還不知道?,Gentle Bones,Ni Hai Bu Zhi Dao,F,94,191365,4/4,FALSE,mandarin,nhbzd,https://open.spotify.com/track/4dV0T2JbvRemNAdt2oaOhG,,0.314,0.641,0.314,0.585,0,2020-08-28
Lover,Taylor Swift,,G,69,221307,4/4,FALSE,english,l,https://open.spotify.com/track/1dGr1c8CrMLDpV6mPbImSI,,0.543,0.359,0.453,0.492,0.0000158,2019-08-23
920,A-Lin,,G,83,286133,4/4,FALSE,english,9,https://open.spotify.com/track/5Sse4ipXZV3QKGx3BLK6GV,,0.71,0.638,0.681,0.131,0,2013-02-08
愛與痛的邊緣,Faye Wong,Ai Yu Tong De Bian Yuan,Fm,113,273773,4/4,FALSE,mandarin,aytdby,https://open.spotify.com/track/4XafCNKCV3FnQUoel6NrRK,,0.411,0.62,0.534,0.514,0.00000183,1994-01-01
心淡,Joey Yung,Xin Dan,F,126,248787,4/4,FALSE,mandarin,xd,https://open.spotify.com/track/0Eum5dQqpUDgwJiUucG3QU,,0.487,0.66,0.375,0.7,0,2003-03-25
AWAITS YOUR LOVE 等你愛我 (國),Eason Chan,Deng Ni Ai Wo,Bb,132,280267,4/4,FALSE,mandarin,dnaw,https://open.spotify.com/track/7ouGXdpWUQZJHKUDj1Aqvv,,0.421,0.446,0.0864,0.239,0.000244,2011-01-01
34+35,Ariana Grande,,C,110,173711,4/4,FALSE,english,3,https://open.spotify.com/track/6Im9k8u9iIzKMrmV7BWtlF,,0.585,0.83,0.485,0.237,0,2020-10-30
讓我跟你走,Cass Phang,Rang Wo Gen Ni Zou,Bb,130,235693,4/4,FALSE,mandarin,rwgnz,https://open.spotify.com/track/4EJbc0mCVfmSDey2BIgdqj,,0.441,0.605,0.4,0.662,0,1994
相思風雨中 - 電視劇「出位江湖」插曲,湯寶如,Xiang Si Feng Yu Zhong,Bm,160,252600,4/4,FALSE,mandarin,xsfyz,https://open.spotify.com/track/7hy3flRwOGhxa2YJKbgjPl,,0.195,0.371,0.119,0.839,0.000727,1992-01-01
圓,AGA,Yuan,Gb,123,249000,3/4,FALSE,mandarin,y,https://open.spotify.com/track/6ItihvHls8vphjsSPUUXEf,,0.541,0.512,0.425,0.783,0,2016-03-14
我是憤怒,Beyond,Wo Shi Fen Nu,Bm,153,252160,4/4,FALSE,mandarin,wsfn,https://open.spotify.com/track/2nKSA8oPiDU72VJqLXU5Nj,,0.892,0.499,0.457,0.0048,0.0000584,1992-07-31
甘心替代你,Ekin Cheng,Gan Xin Ti Dai Ni,C,75,206227,4/4,FALSE,mandarin,gxtdn,https://open.spotify.com/track/7B9sHXYSby5Np9iW08tBwA,,0.44,0.447,0.288,0.741,0,2009-12-11
Susan說,David Tao,Shuo,Bm,79,261827,4/4,FALSE,mandarin,s,https://open.spotify.com/track/4k1XsIKJv6fUKS73W82s4n,,0.538,0.67,0.588,0.228,0,2005-08-01
花田錯,Leehom Wang,Hua Tian Cuo,F#m,133,227993,4/4,FALSE,mandarin,htc,https://open.spotify.com/track/4ySszUxJMOqz8iRDJZPvbe,,0.489,0.717,0.734,0.284,0,2005-12-30
财神到,A Niu,Cai Shen Dao,C,128,183360,4/4,FALSE,mandarin,csd,https://open.spotify.com/track/7cEQE5vq7WCz8mkGgsjmVp,,0.877,0.755,0.817,0.162,0.0000143,2011-01-25
髮如雪,Jay Chou,Fa Ru Xue,B,116,299627,4/4,FALSE,mandarin,frx,https://open.spotify.com/track/1jEAOrekJF0h2Rvf6mpCLd,,0.7,0.714,0.352,0.565,0.0000021,2005-11-01
Never Gonna Give You Up,Rick Astley,,Ab,113,213573,4/4,FALSE,english,nggyu,https://open.spotify.com/track/4uLU6hMCjMI75M1A2tKUQC,,0.939,0.721,0.914,0.115,0.0000379,1987-11-12
Party Monster,The Weeknd,,Db,78,249213,4/4,FALSE,english,pm,https://open.spotify.com/track/4F7A0DXBrmUAkp32uenhZt,,0.63,0.573,0.218,0.189,0.0000231,2016-11-25
Starboy,The Weeknd,,G,186,230461,4/4,FALSE,english,s,https://open.spotify.com/track/38JOdzBE9kPj5UhKtqIIqQ,,0.588,0.676,0.484,0.137,0.00000847,2021-02-05
Kau Ilhamku,Man Bai,,B,87,251000,4/4,FALSE,english,ki,https://open.spotify.com/track/5M37wHTqtKN9YiAokKJXAU,,0.38,0.792,0.672,0.725,0,2012-01-16
起風了,吳青峰,Qi Feng Le,Eb,74,313565,4/4,FALSE,mandarin,qfl,https://open.spotify.com/track/5Mm2tDgfdyaXhR3WqQykrf,,0.396,0.548,0.501,0.484,0,2019-08-30
忽然之間,Karen Mok,Hu Ran Zhi Jian,D,138,199249,4/4,FALSE,mandarin,hrzj,https://open.spotify.com/track/1VY48jCBWuapKl0N5MXoJD,,0.335,0.73,0.332,0.674,0,1999-12-16
愛就一個字,Jeff Chang,Ai Jiu Yi Ge Zi,C,121,272380,4/4,FALSE,mandarin,ajygz,https://open.spotify.com/track/0hAmNalTo8tOdDxFekAFSQ,,0.504,0.566,0.202,0.725,0,2001-12-05
Plastic Love,Mariya Takeuchi,,Dm,103,294493,4/4,FALSE,english,pl,https://open.spotify.com/track/7rU6Iebxzlvqy5t857bKFq,,0.875,0.648,0.857,0.0747,0.0000964,2008-05-21
駅 - 2012 Remaster,Akina Nakamori,Yi,C#m,93,301427,4/4,FALSE,mandarin,y,https://open.spotify.com/track/1mG6sdVAE1Jm5vQ4MNgrJJ,,0.568,0.503,0.358,0.343,0.811,2012-08-22